ISO-10303-21;
HEADER;
/* Generated by software containing ST-Developer
 * from STEP Tools, Inc. (www.steptools.com) 
 */

FILE_DESCRIPTION(
/* description */ (''),
/* implementation_level */ '2;1');

FILE_NAME(
/* name */ 'Shaker_Arm_A4T_flat_with_deck - 5mm taller.step',
/* time_stamp */ '2026-04-13T10:03:22+01:00',
/* author */ (''),
/* organization */ (''),
/* preprocessor_version */ 'ST-DEVELOPER v20.1',
/* originating_system */ 'Autodesk Translation Framework v14.24.0.0',
/* authorisation */ '');

FILE_SCHEMA (('AUTOMOTIVE_DESIGN { 1 0 10303 214 3 1 1 }'));
ENDSEC;

DATA;
#10=MECHANICAL_DESIGN_GEOMETRIC_PRESENTATION_REPRESENTATION('',(#25),#2826);
#11=ITEM_DEFINED_TRANSFORMATION($,$,#1581,#1663);
#12=ITEM_DEFINED_TRANSFORMATION($,$,#1580,#1664);
#13=ITEM_DEFINED_TRANSFORMATION($,$,#1579,#1665);
#14=(
REPRESENTATION_RELATIONSHIP($,$,#2845,#2844)
REPRESENTATION_RELATIONSHIP_WITH_TRANSFORMATION(#11)
SHAPE_REPRESENTATION_RELATIONSHIP()
);
#15=(
REPRESENTATION_RELATIONSHIP($,$,#2844,#2843)
REPRESENTATION_RELATIONSHIP_WITH_TRANSFORMATION(#12)
SHAPE_REPRESENTATION_RELATIONSHIP()
);
#16=(
REPRESENTATION_RELATIONSHIP($,$,#2843,#2842)
REPRESENTATION_RELATIONSHIP_WITH_TRANSFORMATION(#13)
SHAPE_REPRESENTATION_RELATIONSHIP()
);
#17=CONTEXT_DEPENDENT_SHAPE_REPRESENTATION(#14,#2839);
#18=CONTEXT_DEPENDENT_SHAPE_REPRESENTATION(#15,#2840);
#19=CONTEXT_DEPENDENT_SHAPE_REPRESENTATION(#16,#2841);
#20=NEXT_ASSEMBLY_USAGE_OCCURRENCE('Arm:1','Arm:1','Arm:1',#2849,#2850,
'Arm:1');
#21=NEXT_ASSEMBLY_USAGE_OCCURRENCE('Shaker Stealthburner:1',
'Shaker Stealthburner:1','Shaker Stealthburner:1',#2848,#2849,
'Shaker Stealthburner:1');
#22=NEXT_ASSEMBLY_USAGE_OCCURRENCE('Bucket Assembly:1',
'Bucket Assembly:1','Bucket Assembly:1',#2847,#2848,'Bucket Assembly:1');
#23=SHAPE_REPRESENTATION_RELATIONSHIP('SRR','None',#2845,#24);
#24=ADVANCED_BREP_SHAPE_REPRESENTATION('',(#26),#2825);
#25=STYLED_ITEM('',(#2867),#26);
#26=MANIFOLD_SOLID_BREP('Body1',#1565);
#27=CYLINDRICAL_SURFACE('',#1627,2.3);
#28=CYLINDRICAL_SURFACE('',#1631,1.8);
#29=CYLINDRICAL_SURFACE('',#1636,0.399999999999999);
#30=CYLINDRICAL_SURFACE('',#1640,0.400000000000003);
#31=CYLINDRICAL_SURFACE('',#1642,0.4);
#32=CYLINDRICAL_SURFACE('',#1646,0.4);
#33=CYLINDRICAL_SURFACE('',#1652,2.3);
#34=CYLINDRICAL_SURFACE('',#1656,2.3);
#35=CYLINDRICAL_SURFACE('',#1659,1.7);
#36=CYLINDRICAL_SURFACE('',#1662,1.7);
#37=B_SPLINE_SURFACE_WITH_KNOTS('',3,1,((#2237,#2238),(#2239,#2240),(#2241,
#2242),(#2243,#2244)),.UNSPECIFIED.,.F.,.F.,.F.,(4,4),(2,2),(0.,1.),(0.,
0.0720000000000001),.UNSPECIFIED.);
#38=B_SPLINE_SURFACE_WITH_KNOTS('',3,1,((#2259,#2260),(#2261,#2262),(#2263,
#2264),(#2265,#2266)),.UNSPECIFIED.,.F.,.F.,.F.,(4,4),(2,2),(0.,1.),(0.,
0.0720000000000001),.UNSPECIFIED.);
#39=B_SPLINE_SURFACE_WITH_KNOTS('',3,1,((#2278,#2279),(#2280,#2281),(#2282,
#2283),(#2284,#2285)),.UNSPECIFIED.,.F.,.F.,.F.,(4,4),(2,2),(0.,1.),(0.,
0.0720000000000001),.UNSPECIFIED.);
#40=B_SPLINE_SURFACE_WITH_KNOTS('',3,1,((#2297,#2298),(#2299,#2300),(#2301,
#2302),(#2303,#2304)),.UNSPECIFIED.,.F.,.F.,.F.,(4,4),(2,2),(0.,1.),(0.,
0.0720000000000001),.UNSPECIFIED.);
#41=B_SPLINE_SURFACE_WITH_KNOTS('',3,1,((#2313,#2314),(#2315,#2316),(#2317,
#2318),(#2319,#2320)),.UNSPECIFIED.,.F.,.F.,.F.,(4,4),(2,2),(0.,1.),(0.,
0.0720000000000001),.UNSPECIFIED.);
#42=B_SPLINE_SURFACE_WITH_KNOTS('',3,1,((#2335,#2336),(#2337,#2338),(#2339,
#2340),(#2341,#2342)),.UNSPECIFIED.,.F.,.F.,.F.,(4,4),(2,2),(0.,1.),(0.,
0.0720000000000001),.UNSPECIFIED.);
#43=B_SPLINE_SURFACE_WITH_KNOTS('',3,1,((#2354,#2355),(#2356,#2357),(#2358,
#2359),(#2360,#2361)),.UNSPECIFIED.,.F.,.F.,.F.,(4,4),(2,2),(0.,1.),(0.,
0.0720000000000001),.UNSPECIFIED.);
#44=B_SPLINE_SURFACE_WITH_KNOTS('',3,1,((#2373,#2374),(#2375,#2376),(#2377,
#2378),(#2379,#2380)),.UNSPECIFIED.,.F.,.F.,.F.,(4,4),(2,2),(0.,1.),(0.,
0.0720000000000001),.UNSPECIFIED.);
#45=B_SPLINE_SURFACE_WITH_KNOTS('',3,1,((#2389,#2390),(#2391,#2392),(#2393,
#2394),(#2395,#2396)),.UNSPECIFIED.,.F.,.F.,.F.,(4,4),(2,2),(0.,1.),(0.,
0.0720000000000001),.UNSPECIFIED.);
#46=B_SPLINE_SURFACE_WITH_KNOTS('',3,1,((#2411,#2412),(#2413,#2414),(#2415,
#2416),(#2417,#2418)),.UNSPECIFIED.,.F.,.F.,.F.,(4,4),(2,2),(0.,1.),(0.,
0.0720000000000001),.UNSPECIFIED.);
#47=B_SPLINE_SURFACE_WITH_KNOTS('',3,1,((#2430,#2431),(#2432,#2433),(#2434,
#2435),(#2436,#2437)),.UNSPECIFIED.,.F.,.F.,.F.,(4,4),(2,2),(0.,1.),(0.,
0.0720000000000001),.UNSPECIFIED.);
#48=B_SPLINE_SURFACE_WITH_KNOTS('',3,1,((#2449,#2450),(#2451,#2452),(#2453,
#2454),(#2455,#2456)),.UNSPECIFIED.,.F.,.F.,.F.,(4,4),(2,2),(0.,1.),(0.,
0.0720000000000001),.UNSPECIFIED.);
#49=B_SPLINE_SURFACE_WITH_KNOTS('',3,1,((#2471,#2472),(#2473,#2474),(#2475,
#2476),(#2477,#2478)),.UNSPECIFIED.,.F.,.F.,.F.,(4,4),(2,2),(0.,1.),(0.,
0.0720000000000001),.UNSPECIFIED.);
#50=B_SPLINE_SURFACE_WITH_KNOTS('',3,1,((#2491,#2492),(#2493,#2494),(#2495,
#2496),(#2497,#2498)),.UNSPECIFIED.,.F.,.F.,.F.,(4,4),(2,2),(0.,1.),(0.,
0.0720000000000001),.UNSPECIFIED.);
#51=B_SPLINE_SURFACE_WITH_KNOTS('',3,1,((#2505,#2506),(#2507,#2508),(#2509,
#2510),(#2511,#2512)),.UNSPECIFIED.,.F.,.F.,.F.,(4,4),(2,2),(0.,1.),(0.,
0.0720000000000001),.UNSPECIFIED.);
#52=B_SPLINE_SURFACE_WITH_KNOTS('',3,1,((#2519,#2520),(#2521,#2522),(#2523,
#2524),(#2525,#2526)),.UNSPECIFIED.,.F.,.F.,.F.,(4,4),(2,2),(0.,1.),(0.,
0.0720000000000001),.UNSPECIFIED.);
#53=B_SPLINE_SURFACE_WITH_KNOTS('',3,1,((#2533,#2534),(#2535,#2536),(#2537,
#2538),(#2539,#2540)),.UNSPECIFIED.,.F.,.F.,.F.,(4,4),(2,2),(0.,1.),(0.,
0.0720000000000001),.UNSPECIFIED.);
#54=B_SPLINE_SURFACE_WITH_KNOTS('',3,1,((#2551,#2552),(#2553,#2554),(#2555,
#2556),(#2557,#2558)),.UNSPECIFIED.,.F.,.F.,.F.,(4,4),(2,2),(0.,1.),(0.,
0.0720000000000001),.UNSPECIFIED.);
#55=B_SPLINE_SURFACE_WITH_KNOTS('',3,1,((#2565,#2566),(#2567,#2568),(#2569,
#2570),(#2571,#2572)),.UNSPECIFIED.,.F.,.F.,.F.,(4,4),(2,2),(0.,1.),(0.,
0.0720000000000001),.UNSPECIFIED.);
#56=B_SPLINE_SURFACE_WITH_KNOTS('',3,1,((#2583,#2584),(#2585,#2586),(#2587,
#2588),(#2589,#2590)),.UNSPECIFIED.,.F.,.F.,.F.,(4,4),(2,2),(0.,1.),(0.,
0.0720000000000001),.UNSPECIFIED.);
#57=B_SPLINE_SURFACE_WITH_KNOTS('',3,1,((#2597,#2598),(#2599,#2600),(#2601,
#2602),(#2603,#2604)),.UNSPECIFIED.,.F.,.F.,.F.,(4,4),(2,2),(0.,1.),(0.,
0.0720000000000001),.UNSPECIFIED.);
#58=B_SPLINE_SURFACE_WITH_KNOTS('',3,1,((#2611,#2612),(#2613,#2614),(#2615,
#2616),(#2617,#2618)),.UNSPECIFIED.,.F.,.F.,.F.,(4,4),(2,2),(0.,1.),(0.,
0.0720000000000001),.UNSPECIFIED.);
#59=B_SPLINE_SURFACE_WITH_KNOTS('',3,1,((#2625,#2626),(#2627,#2628),(#2629,
#2630),(#2631,#2632)),.UNSPECIFIED.,.F.,.F.,.F.,(4,4),(2,2),(0.,1.),(0.,
0.0720000000000001),.UNSPECIFIED.);
#60=B_SPLINE_SURFACE_WITH_KNOTS('',3,1,((#2639,#2640),(#2641,#2642),(#2643,
#2644),(#2645,#2646)),.UNSPECIFIED.,.F.,.F.,.F.,(4,4),(2,2),(0.,1.),(0.,
0.0720000000000001),.UNSPECIFIED.);
#61=B_SPLINE_SURFACE_WITH_KNOTS('',3,1,((#2657,#2658),(#2659,#2660),(#2661,
#2662),(#2663,#2664)),.UNSPECIFIED.,.F.,.F.,.F.,(4,4),(2,2),(0.,1.),(0.,
0.0720000000000001),.UNSPECIFIED.);
#62=B_SPLINE_SURFACE_WITH_KNOTS('',3,1,((#2671,#2672),(#2673,#2674),(#2675,
#2676),(#2677,#2678)),.UNSPECIFIED.,.F.,.F.,.F.,(4,4),(2,2),(0.,1.),(0.,
0.0720000000000001),.UNSPECIFIED.);
#63=B_SPLINE_SURFACE_WITH_KNOTS('',3,1,((#2689,#2690),(#2691,#2692),(#2693,
#2694),(#2695,#2696)),.UNSPECIFIED.,.F.,.F.,.F.,(4,4),(2,2),(0.,1.),(0.,
0.0720000000000001),.UNSPECIFIED.);
#64=B_SPLINE_SURFACE_WITH_KNOTS('',3,1,((#2703,#2704),(#2705,#2706),(#2707,
#2708),(#2709,#2710)),.UNSPECIFIED.,.F.,.F.,.F.,(4,4),(2,2),(0.,1.),(0.,
0.0720000000000001),.UNSPECIFIED.);
#65=B_SPLINE_SURFACE_WITH_KNOTS('',3,1,((#2717,#2718),(#2719,#2720),(#2721,
#2722),(#2723,#2724)),.UNSPECIFIED.,.F.,.F.,.F.,(4,4),(2,2),(0.,1.),(0.,
0.0720000000000001),.UNSPECIFIED.);
#66=CIRCLE('',#1602,0.4);
#67=CIRCLE('',#1603,2.3);
#68=CIRCLE('',#1607,2.3);
#69=CIRCLE('',#1608,2.3);
#70=CIRCLE('',#1612,0.399999999999999);
#71=CIRCLE('',#1628,2.3);
#72=CIRCLE('',#1630,1.8);
#73=CIRCLE('',#1632,1.8);
#74=CIRCLE('',#1637,0.399999999999999);
#75=CIRCLE('',#1641,0.400000000000003);
#76=CIRCLE('',#1643,0.4);
#77=CIRCLE('',#1647,0.4);
#78=CIRCLE('',#1650,2.3);
#79=CIRCLE('',#1651,1.7);
#80=CIRCLE('',#1654,2.3);
#81=CIRCLE('',#1655,1.7);
#82=CIRCLE('',#1658,1.7);
#83=CIRCLE('',#1661,1.7);
#84=FACE_BOUND('',#254,.T.);
#85=FACE_BOUND('',#263,.T.);
#86=FACE_BOUND('',#267,.T.);
#87=FACE_BOUND('',#268,.T.);
#88=FACE_BOUND('',#308,.T.);
#89=FACE_BOUND('',#309,.T.);
#90=FACE_BOUND('',#310,.T.);
#91=FACE_BOUND('',#320,.T.);
#92=FACE_BOUND('',#335,.T.);
#93=FACE_BOUND('',#338,.T.);
#94=B_SPLINE_CURVE_WITH_KNOTS('',3,(#2074,#2075,#2076,#2077),
 .UNSPECIFIED.,.F.,.F.,(4,4),(-1.,0.),.UNSPECIFIED.);
#95=B_SPLINE_CURVE_WITH_KNOTS('',3,(#2081,#2082,#2083,#2084),
 .UNSPECIFIED.,.F.,.F.,(4,4),(-1.,0.),.UNSPECIFIED.);
#96=B_SPLINE_CURVE_WITH_KNOTS('',3,(#2086,#2087,#2088,#2089),
 .UNSPECIFIED.,.F.,.F.,(4,4),(-1.,0.),.UNSPECIFIED.);
#97=B_SPLINE_CURVE_WITH_KNOTS('',3,(#2091,#2092,#2093,#2094),
 .UNSPECIFIED.,.F.,.F.,(4,4),(-1.,0.),.UNSPECIFIED.);
#98=B_SPLINE_CURVE_WITH_KNOTS('',3,(#2096,#2097,#2098,#2099),
 .UNSPECIFIED.,.F.,.F.,(4,4),(-1.,0.),.UNSPECIFIED.);
#99=B_SPLINE_CURVE_WITH_KNOTS('',3,(#2103,#2104,#2105,#2106),
 .UNSPECIFIED.,.F.,.F.,(4,4),(-1.,0.),.UNSPECIFIED.);
#100=B_SPLINE_CURVE_WITH_KNOTS('',3,(#2108,#2109,#2110,#2111),
 .UNSPECIFIED.,.F.,.F.,(4,4),(-1.,0.),.UNSPECIFIED.);
#101=B_SPLINE_CURVE_WITH_KNOTS('',3,(#2115,#2116,#2117,#2118),
 .UNSPECIFIED.,.F.,.F.,(4,4),(-1.,0.),.UNSPECIFIED.);
#102=B_SPLINE_CURVE_WITH_KNOTS('',3,(#2120,#2121,#2122,#2123),
 .UNSPECIFIED.,.F.,.F.,(4,4),(-1.,0.),.UNSPECIFIED.);
#103=B_SPLINE_CURVE_WITH_KNOTS('',3,(#2125,#2126,#2127,#2128),
 .UNSPECIFIED.,.F.,.F.,(4,4),(-1.,0.),.UNSPECIFIED.);
#104=B_SPLINE_CURVE_WITH_KNOTS('',3,(#2130,#2131,#2132,#2133),
 .UNSPECIFIED.,.F.,.F.,(4,4),(-1.,0.),.UNSPECIFIED.);
#105=B_SPLINE_CURVE_WITH_KNOTS('',3,(#2135,#2136,#2137,#2138),
 .UNSPECIFIED.,.F.,.F.,(4,4),(-1.,0.),.UNSPECIFIED.);
#106=B_SPLINE_CURVE_WITH_KNOTS('',3,(#2142,#2143,#2144,#2145),
 .UNSPECIFIED.,.F.,.F.,(4,4),(-1.,0.),.UNSPECIFIED.);
#107=B_SPLINE_CURVE_WITH_KNOTS('',3,(#2147,#2148,#2149,#2150),
 .UNSPECIFIED.,.F.,.F.,(4,4),(-1.,0.),.UNSPECIFIED.);
#108=B_SPLINE_CURVE_WITH_KNOTS('',3,(#2154,#2155,#2156,#2157),
 .UNSPECIFIED.,.F.,.F.,(4,4),(-1.,0.),.UNSPECIFIED.);
#109=B_SPLINE_CURVE_WITH_KNOTS('',3,(#2159,#2160,#2161,#2162),
 .UNSPECIFIED.,.F.,.F.,(4,4),(-1.,0.),.UNSPECIFIED.);
#110=B_SPLINE_CURVE_WITH_KNOTS('',3,(#2163,#2164,#2165,#2166),
 .UNSPECIFIED.,.F.,.F.,(4,4),(-1.,0.),.UNSPECIFIED.);
#111=B_SPLINE_CURVE_WITH_KNOTS('',3,(#2247,#2248,#2249,#2250),
 .UNSPECIFIED.,.F.,.F.,(4,4),(-1.,0.),.UNSPECIFIED.);
#112=B_SPLINE_CURVE_WITH_KNOTS('',3,(#2254,#2255,#2256,#2257),
 .UNSPECIFIED.,.F.,.F.,(4,4),(-1.,0.),.UNSPECIFIED.);
#113=B_SPLINE_CURVE_WITH_KNOTS('',3,(#2268,#2269,#2270,#2271),
 .UNSPECIFIED.,.F.,.F.,(4,4),(-1.,0.),.UNSPECIFIED.);
#114=B_SPLINE_CURVE_WITH_KNOTS('',3,(#2274,#2275,#2276,#2277),
 .UNSPECIFIED.,.F.,.F.,(4,4),(-1.,0.),.UNSPECIFIED.);
#115=B_SPLINE_CURVE_WITH_KNOTS('',3,(#2287,#2288,#2289,#2290),
 .UNSPECIFIED.,.F.,.F.,(4,4),(-1.,0.),.UNSPECIFIED.);
#116=B_SPLINE_CURVE_WITH_KNOTS('',3,(#2293,#2294,#2295,#2296),
 .UNSPECIFIED.,.F.,.F.,(4,4),(-1.,0.),.UNSPECIFIED.);
#117=B_SPLINE_CURVE_WITH_KNOTS('',3,(#2305,#2306,#2307,#2308),
 .UNSPECIFIED.,.F.,.F.,(4,4),(-1.,0.),.UNSPECIFIED.);
#118=B_SPLINE_CURVE_WITH_KNOTS('',3,(#2309,#2310,#2311,#2312),
 .UNSPECIFIED.,.F.,.F.,(4,4),(-1.,0.),.UNSPECIFIED.);
#119=B_SPLINE_CURVE_WITH_KNOTS('',3,(#2323,#2324,#2325,#2326),
 .UNSPECIFIED.,.F.,.F.,(4,4),(-1.,0.),.UNSPECIFIED.);
#120=B_SPLINE_CURVE_WITH_KNOTS('',3,(#2330,#2331,#2332,#2333),
 .UNSPECIFIED.,.F.,.F.,(4,4),(-1.,0.),.UNSPECIFIED.);
#121=B_SPLINE_CURVE_WITH_KNOTS('',3,(#2344,#2345,#2346,#2347),
 .UNSPECIFIED.,.F.,.F.,(4,4),(-1.,0.),.UNSPECIFIED.);
#122=B_SPLINE_CURVE_WITH_KNOTS('',3,(#2350,#2351,#2352,#2353),
 .UNSPECIFIED.,.F.,.F.,(4,4),(-1.,0.),.UNSPECIFIED.);
#123=B_SPLINE_CURVE_WITH_KNOTS('',3,(#2363,#2364,#2365,#2366),
 .UNSPECIFIED.,.F.,.F.,(4,4),(-1.,0.),.UNSPECIFIED.);
#124=B_SPLINE_CURVE_WITH_KNOTS('',3,(#2369,#2370,#2371,#2372),
 .UNSPECIFIED.,.F.,.F.,(4,4),(-1.,0.),.UNSPECIFIED.);
#125=B_SPLINE_CURVE_WITH_KNOTS('',3,(#2381,#2382,#2383,#2384),
 .UNSPECIFIED.,.F.,.F.,(4,4),(-1.,0.),.UNSPECIFIED.);
#126=B_SPLINE_CURVE_WITH_KNOTS('',3,(#2385,#2386,#2387,#2388),
 .UNSPECIFIED.,.F.,.F.,(4,4),(-1.,0.),.UNSPECIFIED.);
#127=B_SPLINE_CURVE_WITH_KNOTS('',3,(#2399,#2400,#2401,#2402),
 .UNSPECIFIED.,.F.,.F.,(4,4),(-1.,0.),.UNSPECIFIED.);
#128=B_SPLINE_CURVE_WITH_KNOTS('',3,(#2406,#2407,#2408,#2409),
 .UNSPECIFIED.,.F.,.F.,(4,4),(-1.,0.),.UNSPECIFIED.);
#129=B_SPLINE_CURVE_WITH_KNOTS('',3,(#2420,#2421,#2422,#2423),
 .UNSPECIFIED.,.F.,.F.,(4,4),(-1.,0.),.UNSPECIFIED.);
#130=B_SPLINE_CURVE_WITH_KNOTS('',3,(#2426,#2427,#2428,#2429),
 .UNSPECIFIED.,.F.,.F.,(4,4),(-1.,0.),.UNSPECIFIED.);
#131=B_SPLINE_CURVE_WITH_KNOTS('',3,(#2439,#2440,#2441,#2442),
 .UNSPECIFIED.,.F.,.F.,(4,4),(-1.,0.),.UNSPECIFIED.);
#132=B_SPLINE_CURVE_WITH_KNOTS('',3,(#2445,#2446,#2447,#2448),
 .UNSPECIFIED.,.F.,.F.,(4,4),(-1.,0.),.UNSPECIFIED.);
#133=B_SPLINE_CURVE_WITH_KNOTS('',3,(#2458,#2459,#2460,#2461),
 .UNSPECIFIED.,.F.,.F.,(4,4),(-1.,0.),.UNSPECIFIED.);
#134=B_SPLINE_CURVE_WITH_KNOTS('',3,(#2464,#2465,#2466,#2467),
 .UNSPECIFIED.,.F.,.F.,(4,4),(-1.,0.),.UNSPECIFIED.);
#135=B_SPLINE_CURVE_WITH_KNOTS('',3,(#2481,#2482,#2483,#2484),
 .UNSPECIFIED.,.F.,.F.,(4,4),(-1.,0.),.UNSPECIFIED.);
#136=B_SPLINE_CURVE_WITH_KNOTS('',3,(#2500,#2501,#2502,#2503),
 .UNSPECIFIED.,.F.,.F.,(4,4),(-1.,0.),.UNSPECIFIED.);
#137=B_SPLINE_CURVE_WITH_KNOTS('',3,(#2514,#2515,#2516,#2517),
 .UNSPECIFIED.,.F.,.F.,(4,4),(-1.,0.),.UNSPECIFIED.);
#138=B_SPLINE_CURVE_WITH_KNOTS('',3,(#2528,#2529,#2530,#2531),
 .UNSPECIFIED.,.F.,.F.,(4,4),(-1.,0.),.UNSPECIFIED.);
#139=B_SPLINE_CURVE_WITH_KNOTS('',3,(#2542,#2543,#2544,#2545),
 .UNSPECIFIED.,.F.,.F.,(4,4),(-1.,0.),.UNSPECIFIED.);
#140=B_SPLINE_CURVE_WITH_KNOTS('',3,(#2560,#2561,#2562,#2563),
 .UNSPECIFIED.,.F.,.F.,(4,4),(-1.,0.),.UNSPECIFIED.);
#141=B_SPLINE_CURVE_WITH_KNOTS('',3,(#2574,#2575,#2576,#2577),
 .UNSPECIFIED.,.F.,.F.,(4,4),(-1.,0.),.UNSPECIFIED.);
#142=B_SPLINE_CURVE_WITH_KNOTS('',3,(#2592,#2593,#2594,#2595),
 .UNSPECIFIED.,.F.,.F.,(4,4),(-1.,0.),.UNSPECIFIED.);
#143=B_SPLINE_CURVE_WITH_KNOTS('',3,(#2606,#2607,#2608,#2609),
 .UNSPECIFIED.,.F.,.F.,(4,4),(-1.,0.),.UNSPECIFIED.);
#144=B_SPLINE_CURVE_WITH_KNOTS('',3,(#2620,#2621,#2622,#2623),
 .UNSPECIFIED.,.F.,.F.,(4,4),(-1.,0.),.UNSPECIFIED.);
#145=B_SPLINE_CURVE_WITH_KNOTS('',3,(#2634,#2635,#2636,#2637),
 .UNSPECIFIED.,.F.,.F.,(4,4),(-1.,0.),.UNSPECIFIED.);
#146=B_SPLINE_CURVE_WITH_KNOTS('',3,(#2648,#2649,#2650,#2651),
 .UNSPECIFIED.,.F.,.F.,(4,4),(-1.,0.),.UNSPECIFIED.);
#147=B_SPLINE_CURVE_WITH_KNOTS('',3,(#2666,#2667,#2668,#2669),
 .UNSPECIFIED.,.F.,.F.,(4,4),(-1.,0.),.UNSPECIFIED.);
#148=B_SPLINE_CURVE_WITH_KNOTS('',3,(#2680,#2681,#2682,#2683),
 .UNSPECIFIED.,.F.,.F.,(4,4),(-1.,0.),.UNSPECIFIED.);
#149=B_SPLINE_CURVE_WITH_KNOTS('',3,(#2698,#2699,#2700,#2701),
 .UNSPECIFIED.,.F.,.F.,(4,4),(-1.,0.),.UNSPECIFIED.);
#150=B_SPLINE_CURVE_WITH_KNOTS('',3,(#2712,#2713,#2714,#2715),
 .UNSPECIFIED.,.F.,.F.,(4,4),(-1.,0.),.UNSPECIFIED.);
#151=B_SPLINE_CURVE_WITH_KNOTS('',3,(#2725,#2726,#2727,#2728),
 .UNSPECIFIED.,.F.,.F.,(4,4),(-1.,0.),.UNSPECIFIED.);
#152=ELLIPSE('',#1590,0.565685424949246,0.400000000000003);
#153=ELLIPSE('',#1596,0.565685424949241,0.4);
#154=FACE_OUTER_BOUND('',#244,.T.);
#155=FACE_OUTER_BOUND('',#245,.T.);
#156=FACE_OUTER_BOUND('',#246,.T.);
#157=FACE_OUTER_BOUND('',#247,.T.);
#158=FACE_OUTER_BOUND('',#248,.T.);
#159=FACE_OUTER_BOUND('',#249,.T.);
#160=FACE_OUTER_BOUND('',#250,.T.);
#161=FACE_OUTER_BOUND('',#251,.T.);
#162=FACE_OUTER_BOUND('',#252,.T.);
#163=FACE_OUTER_BOUND('',#253,.T.);
#164=FACE_OUTER_BOUND('',#255,.T.);
#165=FACE_OUTER_BOUND('',#256,.T.);
#166=FACE_OUTER_BOUND('',#257,.T.);
#167=FACE_OUTER_BOUND('',#258,.T.);
#168=FACE_OUTER_BOUND('',#259,.T.);
#169=FACE_OUTER_BOUND('',#260,.T.);
#170=FACE_OUTER_BOUND('',#261,.T.);
#171=FACE_OUTER_BOUND('',#262,.T.);
#172=FACE_OUTER_BOUND('',#264,.T.);
#173=FACE_OUTER_BOUND('',#265,.T.);
#174=FACE_OUTER_BOUND('',#266,.T.);
#175=FACE_OUTER_BOUND('',#269,.T.);
#176=FACE_OUTER_BOUND('',#270,.T.);
#177=FACE_OUTER_BOUND('',#271,.T.);
#178=FACE_OUTER_BOUND('',#272,.T.);
#179=FACE_OUTER_BOUND('',#273,.T.);
#180=FACE_OUTER_BOUND('',#274,.T.);
#181=FACE_OUTER_BOUND('',#275,.T.);
#182=FACE_OUTER_BOUND('',#276,.T.);
#183=FACE_OUTER_BOUND('',#277,.T.);
#184=FACE_OUTER_BOUND('',#278,.T.);
#185=FACE_OUTER_BOUND('',#279,.T.);
#186=FACE_OUTER_BOUND('',#280,.T.);
#187=FACE_OUTER_BOUND('',#281,.T.);
#188=FACE_OUTER_BOUND('',#282,.T.);
#189=FACE_OUTER_BOUND('',#283,.T.);
#190=FACE_OUTER_BOUND('',#284,.T.);
#191=FACE_OUTER_BOUND('',#285,.T.);
#192=FACE_OUTER_BOUND('',#286,.T.);
#193=FACE_OUTER_BOUND('',#287,.T.);
#194=FACE_OUTER_BOUND('',#288,.T.);
#195=FACE_OUTER_BOUND('',#289,.T.);
#196=FACE_OUTER_BOUND('',#290,.T.);
#197=FACE_OUTER_BOUND('',#291,.T.);
#198=FACE_OUTER_BOUND('',#292,.T.);
#199=FACE_OUTER_BOUND('',#293,.T.);
#200=FACE_OUTER_BOUND('',#294,.T.);
#201=FACE_OUTER_BOUND('',#295,.T.);
#202=FACE_OUTER_BOUND('',#296,.T.);
#203=FACE_OUTER_BOUND('',#297,.T.);
#204=FACE_OUTER_BOUND('',#298,.T.);
#205=FACE_OUTER_BOUND('',#299,.T.);
#206=FACE_OUTER_BOUND('',#300,.T.);
#207=FACE_OUTER_BOUND('',#301,.T.);
#208=FACE_OUTER_BOUND('',#302,.T.);
#209=FACE_OUTER_BOUND('',#303,.T.);
#210=FACE_OUTER_BOUND('',#304,.T.);
#211=FACE_OUTER_BOUND('',#305,.T.);
#212=FACE_OUTER_BOUND('',#306,.T.);
#213=FACE_OUTER_BOUND('',#307,.T.);
#214=FACE_OUTER_BOUND('',#311,.T.);
#215=FACE_OUTER_BOUND('',#312,.T.);
#216=FACE_OUTER_BOUND('',#313,.T.);
#217=FACE_OUTER_BOUND('',#314,.T.);
#218=FACE_OUTER_BOUND('',#315,.T.);
#219=FACE_OUTER_BOUND('',#316,.T.);
#220=FACE_OUTER_BOUND('',#317,.T.);
#221=FACE_OUTER_BOUND('',#318,.T.);
#222=FACE_OUTER_BOUND('',#319,.T.);
#223=FACE_OUTER_BOUND('',#321,.T.);
#224=FACE_OUTER_BOUND('',#322,.T.);
#225=FACE_OUTER_BOUND('',#323,.T.);
#226=FACE_OUTER_BOUND('',#324,.T.);
#227=FACE_OUTER_BOUND('',#325,.T.);
#228=FACE_OUTER_BOUND('',#326,.T.);
#229=FACE_OUTER_BOUND('',#327,.T.);
#230=FACE_OUTER_BOUND('',#328,.T.);
#231=FACE_OUTER_BOUND('',#329,.T.);
#232=FACE_OUTER_BOUND('',#330,.T.);
#233=FACE_OUTER_BOUND('',#331,.T.);
#234=FACE_OUTER_BOUND('',#332,.T.);
#235=FACE_OUTER_BOUND('',#333,.T.);
#236=FACE_OUTER_BOUND('',#334,.T.);
#237=FACE_OUTER_BOUND('',#336,.T.);
#238=FACE_OUTER_BOUND('',#337,.T.);
#239=FACE_OUTER_BOUND('',#339,.T.);
#240=FACE_OUTER_BOUND('',#340,.T.);
#241=FACE_OUTER_BOUND('',#341,.T.);
#242=FACE_OUTER_BOUND('',#342,.T.);
#243=FACE_OUTER_BOUND('',#343,.T.);
#244=EDGE_LOOP('',(#986,#987,#988,#989));
#245=EDGE_LOOP('',(#990,#991,#992,#993,#994));
#246=EDGE_LOOP('',(#995,#996,#997,#998,#999,#1000,#1001));
#247=EDGE_LOOP('',(#1002,#1003,#1004,#1005,#1006,#1007));
#248=EDGE_LOOP('',(#1008,#1009,#1010,#1011,#1012,#1013));
#249=EDGE_LOOP('',(#1014,#1015,#1016,#1017,#1018));
#250=EDGE_LOOP('',(#1019,#1020,#1021,#1022));
#251=EDGE_LOOP('',(#1023,#1024,#1025,#1026));
#252=EDGE_LOOP('',(#1027,#1028,#1029,#1030,#1031,#1032));
#253=EDGE_LOOP('',(#1033,#1034,#1035,#1036,#1037,#1038,#1039,#1040,#1041,
#1042,#1043));
#254=EDGE_LOOP('',(#1044,#1045,#1046,#1047,#1048,#1049,#1050,#1051,#1052,
#1053,#1054,#1055,#1056,#1057,#1058,#1059,#1060,#1061,#1062,#1063,#1064,
#1065));
#255=EDGE_LOOP('',(#1066,#1067,#1068,#1069,#1070));
#256=EDGE_LOOP('',(#1071,#1072,#1073,#1074));
#257=EDGE_LOOP('',(#1075,#1076,#1077,#1078));
#258=EDGE_LOOP('',(#1079,#1080,#1081,#1082));
#259=EDGE_LOOP('',(#1083,#1084,#1085,#1086,#1087));
#260=EDGE_LOOP('',(#1088,#1089,#1090,#1091));
#261=EDGE_LOOP('',(#1092,#1093,#1094,#1095,#1096,#1097));
#262=EDGE_LOOP('',(#1098,#1099,#1100,#1101,#1102));
#263=EDGE_LOOP('',(#1103));
#264=EDGE_LOOP('',(#1104,#1105,#1106,#1107,#1108));
#265=EDGE_LOOP('',(#1109,#1110,#1111,#1112,#1113));
#266=EDGE_LOOP('',(#1114,#1115,#1116,#1117));
#267=EDGE_LOOP('',(#1118));
#268=EDGE_LOOP('',(#1119));
#269=EDGE_LOOP('',(#1120,#1121,#1122,#1123,#1124));
#270=EDGE_LOOP('',(#1125,#1126,#1127,#1128,#1129));
#271=EDGE_LOOP('',(#1130,#1131,#1132,#1133,#1134));
#272=EDGE_LOOP('',(#1135,#1136,#1137,#1138));
#273=EDGE_LOOP('',(#1139,#1140,#1141,#1142));
#274=EDGE_LOOP('',(#1143,#1144,#1145,#1146));
#275=EDGE_LOOP('',(#1147,#1148,#1149,#1150));
#276=EDGE_LOOP('',(#1151,#1152,#1153,#1154));
#277=EDGE_LOOP('',(#1155,#1156,#1157,#1158));
#278=EDGE_LOOP('',(#1159,#1160,#1161,#1162));
#279=EDGE_LOOP('',(#1163,#1164,#1165,#1166));
#280=EDGE_LOOP('',(#1167,#1168,#1169,#1170));
#281=EDGE_LOOP('',(#1171,#1172,#1173,#1174));
#282=EDGE_LOOP('',(#1175,#1176,#1177,#1178));
#283=EDGE_LOOP('',(#1179,#1180,#1181,#1182));
#284=EDGE_LOOP('',(#1183,#1184,#1185,#1186));
#285=EDGE_LOOP('',(#1187,#1188,#1189,#1190));
#286=EDGE_LOOP('',(#1191,#1192,#1193,#1194));
#287=EDGE_LOOP('',(#1195,#1196,#1197,#1198));
#288=EDGE_LOOP('',(#1199,#1200,#1201,#1202));
#289=EDGE_LOOP('',(#1203,#1204,#1205,#1206));
#290=EDGE_LOOP('',(#1207,#1208,#1209,#1210));
#291=EDGE_LOOP('',(#1211,#1212,#1213,#1214));
#292=EDGE_LOOP('',(#1215,#1216,#1217,#1218));
#293=EDGE_LOOP('',(#1219,#1220,#1221,#1222));
#294=EDGE_LOOP('',(#1223,#1224,#1225,#1226));
#295=EDGE_LOOP('',(#1227,#1228,#1229,#1230));
#296=EDGE_LOOP('',(#1231,#1232,#1233,#1234));
#297=EDGE_LOOP('',(#1235,#1236,#1237,#1238));
#298=EDGE_LOOP('',(#1239,#1240,#1241,#1242));
#299=EDGE_LOOP('',(#1243,#1244,#1245,#1246));
#300=EDGE_LOOP('',(#1247,#1248,#1249,#1250));
#301=EDGE_LOOP('',(#1251,#1252,#1253,#1254));
#302=EDGE_LOOP('',(#1255,#1256,#1257,#1258));
#303=EDGE_LOOP('',(#1259,#1260,#1261,#1262));
#304=EDGE_LOOP('',(#1263,#1264,#1265,#1266));
#305=EDGE_LOOP('',(#1267,#1268,#1269,#1270));
#306=EDGE_LOOP('',(#1271,#1272,#1273,#1274));
#307=EDGE_LOOP('',(#1275,#1276,#1277,#1278,#1279,#1280,#1281,#1282,#1283,
#1284,#1285,#1286,#1287,#1288,#1289,#1290,#1291,#1292,#1293,#1294,#1295,
#1296));
#308=EDGE_LOOP('',(#1297,#1298,#1299,#1300,#1301));
#309=EDGE_LOOP('',(#1302,#1303,#1304,#1305));
#310=EDGE_LOOP('',(#1306,#1307,#1308,#1309));
#311=EDGE_LOOP('',(#1310,#1311,#1312,#1313,#1314));
#312=EDGE_LOOP('',(#1315,#1316,#1317,#1318));
#313=EDGE_LOOP('',(#1319,#1320,#1321));
#314=EDGE_LOOP('',(#1322,#1323,#1324,#1325));
#315=EDGE_LOOP('',(#1326,#1327,#1328,#1329,#1330));
#316=EDGE_LOOP('',(#1331,#1332,#1333,#1334));
#317=EDGE_LOOP('',(#1335,#1336,#1337,#1338));
#318=EDGE_LOOP('',(#1339,#1340,#1341,#1342));
#319=EDGE_LOOP('',(#1343));
#320=EDGE_LOOP('',(#1344));
#321=EDGE_LOOP('',(#1345,#1346,#1347,#1348));
#322=EDGE_LOOP('',(#1349));
#323=EDGE_LOOP('',(#1350,#1351,#1352,#1353));
#324=EDGE_LOOP('',(#1354,#1355,#1356,#1357));
#325=EDGE_LOOP('',(#1358,#1359,#1360,#1361));
#326=EDGE_LOOP('',(#1362,#1363,#1364,#1365));
#327=EDGE_LOOP('',(#1366,#1367,#1368,#1369));
#328=EDGE_LOOP('',(#1370,#1371,#1372,#1373));
#329=EDGE_LOOP('',(#1374,#1375,#1376,#1377));
#330=EDGE_LOOP('',(#1378,#1379,#1380,#1381));
#331=EDGE_LOOP('',(#1382,#1383,#1384,#1385));
#332=EDGE_LOOP('',(#1386,#1387,#1388,#1389));
#333=EDGE_LOOP('',(#1390,#1391,#1392,#1393,#1394,#1395,#1396,#1397,#1398,
#1399,#1400,#1401));
#334=EDGE_LOOP('',(#1402));
#335=EDGE_LOOP('',(#1403));
#336=EDGE_LOOP('',(#1404,#1405,#1406,#1407));
#337=EDGE_LOOP('',(#1408));
#338=EDGE_LOOP('',(#1409));
#339=EDGE_LOOP('',(#1410,#1411,#1412,#1413));
#340=EDGE_LOOP('',(#1414));
#341=EDGE_LOOP('',(#1415,#1416,#1417,#1418));
#342=EDGE_LOOP('',(#1419));
#343=EDGE_LOOP('',(#1420,#1421,#1422,#1423));
#344=LINE('',#1990,#485);
#345=LINE('',#1992,#486);
#346=LINE('',#1994,#487);
#347=LINE('',#1995,#488);
#348=LINE('',#1998,#489);
#349=LINE('',#2000,#490);
#350=LINE('',#2002,#491);
#351=LINE('',#2003,#492);
#352=LINE('',#2006,#493);
#353=LINE('',#2008,#494);
#354=LINE('',#2010,#495);
#355=LINE('',#2012,#496);
#356=LINE('',#2013,#497);
#357=LINE('',#2016,#498);
#358=LINE('',#2018,#499);
#359=LINE('',#2020,#500);
#360=LINE('',#2021,#501);
#361=LINE('',#2024,#502);
#362=LINE('',#2026,#503);
#363=LINE('',#2028,#504);
#364=LINE('',#2029,#505);
#365=LINE('',#2033,#506);
#366=LINE('',#2034,#507);
#367=LINE('',#2036,#508);
#368=LINE('',#2037,#509);
#369=LINE('',#2040,#510);
#370=LINE('',#2042,#511);
#371=LINE('',#2043,#512);
#372=LINE('',#2046,#513);
#373=LINE('',#2049,#514);
#374=LINE('',#2052,#515);
#375=LINE('',#2054,#516);
#376=LINE('',#2056,#517);
#377=LINE('',#2057,#518);
#378=LINE('',#2060,#519);
#379=LINE('',#2062,#520);
#380=LINE('',#2064,#521);
#381=LINE('',#2066,#522);
#382=LINE('',#2068,#523);
#383=LINE('',#2070,#524);
#384=LINE('',#2071,#525);
#385=LINE('',#2079,#526);
#386=LINE('',#2101,#527);
#387=LINE('',#2113,#528);
#388=LINE('',#2140,#529);
#389=LINE('',#2152,#530);
#390=LINE('',#2170,#531);
#391=LINE('',#2171,#532);
#392=LINE('',#2172,#533);
#393=LINE('',#2175,#534);
#394=LINE('',#2177,#535);
#395=LINE('',#2178,#536);
#396=LINE('',#2182,#537);
#397=LINE('',#2184,#538);
#398=LINE('',#2187,#539);
#399=LINE('',#2189,#540);
#400=LINE('',#2191,#541);
#401=LINE('',#2192,#542);
#402=LINE('',#2195,#543);
#403=LINE('',#2196,#544);
#404=LINE('',#2199,#545);
#405=LINE('',#2201,#546);
#406=LINE('',#2203,#547);
#407=LINE('',#2204,#548);
#408=LINE('',#2207,#549);
#409=LINE('',#2209,#550);
#410=LINE('',#2215,#551);
#411=LINE('',#2216,#552);
#412=LINE('',#2218,#553);
#413=LINE('',#2219,#554);
#414=LINE('',#2221,#555);
#415=LINE('',#2229,#556);
#416=LINE('',#2230,#557);
#417=LINE('',#2235,#558);
#418=LINE('',#2236,#559);
#419=LINE('',#2252,#560);
#420=LINE('',#2258,#561);
#421=LINE('',#2273,#562);
#422=LINE('',#2292,#563);
#423=LINE('',#2328,#564);
#424=LINE('',#2334,#565);
#425=LINE('',#2349,#566);
#426=LINE('',#2368,#567);
#427=LINE('',#2404,#568);
#428=LINE('',#2410,#569);
#429=LINE('',#2425,#570);
#430=LINE('',#2444,#571);
#431=LINE('',#2463,#572);
#432=LINE('',#2469,#573);
#433=LINE('',#2470,#574);
#434=LINE('',#2485,#575);
#435=LINE('',#2486,#576);
#436=LINE('',#2489,#577);
#437=LINE('',#2490,#578);
#438=LINE('',#2504,#579);
#439=LINE('',#2518,#580);
#440=LINE('',#2532,#581);
#441=LINE('',#2546,#582);
#442=LINE('',#2549,#583);
#443=LINE('',#2550,#584);
#444=LINE('',#2564,#585);
#445=LINE('',#2578,#586);
#446=LINE('',#2581,#587);
#447=LINE('',#2582,#588);
#448=LINE('',#2596,#589);
#449=LINE('',#2610,#590);
#450=LINE('',#2624,#591);
#451=LINE('',#2638,#592);
#452=LINE('',#2652,#593);
#453=LINE('',#2655,#594);
#454=LINE('',#2656,#595);
#455=LINE('',#2670,#596);
#456=LINE('',#2684,#597);
#457=LINE('',#2687,#598);
#458=LINE('',#2688,#599);
#459=LINE('',#2702,#600);
#460=LINE('',#2716,#601);
#461=LINE('',#2733,#602);
#462=LINE('',#2734,#603);
#463=LINE('',#2736,#604);
#464=LINE('',#2740,#605);
#465=LINE('',#2741,#606);
#466=LINE('',#2745,#607);
#467=LINE('',#2752,#608);
#468=LINE('',#2756,#609);
#469=LINE('',#2759,#610);
#470=LINE('',#2760,#611);
#471=LINE('',#2764,#612);
#472=LINE('',#2767,#613);
#473=LINE('',#2768,#614);
#474=LINE('',#2771,#615);
#475=LINE('',#2772,#616);
#476=LINE('',#2778,#617);
#477=LINE('',#2781,#618);
#478=LINE('',#2782,#619);
#479=LINE('',#2785,#620);
#480=LINE('',#2786,#621);
#481=LINE('',#2796,#622);
#482=LINE('',#2803,#623);
#483=LINE('',#2808,#624);
#484=LINE('',#2813,#625);
#485=VECTOR('',#1676,10.);
#486=VECTOR('',#1677,10.);
#487=VECTOR('',#1678,10.);
#488=VECTOR('',#1679,10.);
#489=VECTOR('',#1682,10.);
#490=VECTOR('',#1683,10.);
#491=VECTOR('',#1684,10.);
#492=VECTOR('',#1685,10.);
#493=VECTOR('',#1688,10.);
#494=VECTOR('',#1689,10.);
#495=VECTOR('',#1690,10.);
#496=VECTOR('',#1691,10.);
#497=VECTOR('',#1692,10.);
#498=VECTOR('',#1695,10.);
#499=VECTOR('',#1696,10.);
#500=VECTOR('',#1697,10.);
#501=VECTOR('',#1698,10.);
#502=VECTOR('',#1701,10.);
#503=VECTOR('',#1702,10.);
#504=VECTOR('',#1703,10.);
#505=VECTOR('',#1704,10.);
#506=VECTOR('',#1707,10.);
#507=VECTOR('',#1708,10.);
#508=VECTOR('',#1709,10.);
#509=VECTOR('',#1710,10.);
#510=VECTOR('',#1713,10.);
#511=VECTOR('',#1714,10.);
#512=VECTOR('',#1715,10.);
#513=VECTOR('',#1718,10.);
#514=VECTOR('',#1721,10.);
#515=VECTOR('',#1724,10.);
#516=VECTOR('',#1725,10.);
#517=VECTOR('',#1726,10.);
#518=VECTOR('',#1727,10.);
#519=VECTOR('',#1730,10.);
#520=VECTOR('',#1731,10.);
#521=VECTOR('',#1732,10.);
#522=VECTOR('',#1733,10.);
#523=VECTOR('',#1734,10.);
#524=VECTOR('',#1735,10.);
#525=VECTOR('',#1736,10.);
#526=VECTOR('',#1737,10.);
#527=VECTOR('',#1738,10.);
#528=VECTOR('',#1739,10.);
#529=VECTOR('',#1740,10.);
#530=VECTOR('',#1741,10.);
#531=VECTOR('',#1744,10.);
#532=VECTOR('',#1745,10.);
#533=VECTOR('',#1746,10.);
#534=VECTOR('',#1749,10.);
#535=VECTOR('',#1750,10.);
#536=VECTOR('',#1751,10.);
#537=VECTOR('',#1756,10.);
#538=VECTOR('',#1759,10.);
#539=VECTOR('',#1762,10.);
#540=VECTOR('',#1763,10.);
#541=VECTOR('',#1764,10.);
#542=VECTOR('',#1765,10.);
#543=VECTOR('',#1768,10.);
#544=VECTOR('',#1769,10.);
#545=VECTOR('',#1772,10.);
#546=VECTOR('',#1773,10.);
#547=VECTOR('',#1774,10.);
#548=VECTOR('',#1775,10.);
#549=VECTOR('',#1778,10.);
#550=VECTOR('',#1779,10.);
#551=VECTOR('',#1786,10.);
#552=VECTOR('',#1787,10.);
#553=VECTOR('',#1790,10.);
#554=VECTOR('',#1791,10.);
#555=VECTOR('',#1794,10.);
#556=VECTOR('',#1803,10.);
#557=VECTOR('',#1804,10.);
#558=VECTOR('',#1809,10.);
#559=VECTOR('',#1810,10.);
#560=VECTOR('',#1811,10.);
#561=VECTOR('',#1812,10.);
#562=VECTOR('',#1813,10.);
#563=VECTOR('',#1814,10.);
#564=VECTOR('',#1815,10.);
#565=VECTOR('',#1816,10.);
#566=VECTOR('',#1817,10.);
#567=VECTOR('',#1818,10.);
#568=VECTOR('',#1819,10.);
#569=VECTOR('',#1820,10.);
#570=VECTOR('',#1821,10.);
#571=VECTOR('',#1822,10.);
#572=VECTOR('',#1823,10.);
#573=VECTOR('',#1826,10.);
#574=VECTOR('',#1827,10.);
#575=VECTOR('',#1828,10.);
#576=VECTOR('',#1829,10.);
#577=VECTOR('',#1832,10.);
#578=VECTOR('',#1833,10.);
#579=VECTOR('',#1834,10.);
#580=VECTOR('',#1835,10.);
#581=VECTOR('',#1836,10.);
#582=VECTOR('',#1837,10.);
#583=VECTOR('',#1840,10.);
#584=VECTOR('',#1841,10.);
#585=VECTOR('',#1842,10.);
#586=VECTOR('',#1843,10.);
#587=VECTOR('',#1846,10.);
#588=VECTOR('',#1847,10.);
#589=VECTOR('',#1848,10.);
#590=VECTOR('',#1849,10.);
#591=VECTOR('',#1850,10.);
#592=VECTOR('',#1851,10.);
#593=VECTOR('',#1852,10.);
#594=VECTOR('',#1855,10.);
#595=VECTOR('',#1856,10.);
#596=VECTOR('',#1857,10.);
#597=VECTOR('',#1858,10.);
#598=VECTOR('',#1861,10.);
#599=VECTOR('',#1862,10.);
#600=VECTOR('',#1863,10.);
#601=VECTOR('',#1864,10.);
#602=VECTOR('',#1873,10.);
#603=VECTOR('',#1874,10.);
#604=VECTOR('',#1877,10.);
#605=VECTOR('',#1882,10.);
#606=VECTOR('',#1883,10.);
#607=VECTOR('',#1888,2.3);
#608=VECTOR('',#1897,1.8);
#609=VECTOR('',#1904,10.);
#610=VECTOR('',#1907,10.);
#611=VECTOR('',#1908,10.);
#612=VECTOR('',#1913,10.);
#613=VECTOR('',#1916,10.);
#614=VECTOR('',#1917,10.);
#615=VECTOR('',#1920,10.);
#616=VECTOR('',#1921,10.);
#617=VECTOR('',#1930,10.);
#618=VECTOR('',#1933,10.);
#619=VECTOR('',#1934,10.);
#620=VECTOR('',#1937,10.);
#621=VECTOR('',#1938,10.);
#622=VECTOR('',#1953,2.3);
#623=VECTOR('',#1962,2.3);
#624=VECTOR('',#1969,1.7);
#625=VECTOR('',#1976,1.7);
#626=VERTEX_POINT('',#1988);
#627=VERTEX_POINT('',#1989);
#628=VERTEX_POINT('',#1991);
#629=VERTEX_POINT('',#1993);
#630=VERTEX_POINT('',#1997);
#631=VERTEX_POINT('',#1999);
#632=VERTEX_POINT('',#2001);
#633=VERTEX_POINT('',#2005);
#634=VERTEX_POINT('',#2007);
#635=VERTEX_POINT('',#2009);
#636=VERTEX_POINT('',#2011);
#637=VERTEX_POINT('',#2015);
#638=VERTEX_POINT('',#2017);
#639=VERTEX_POINT('',#2019);
#640=VERTEX_POINT('',#2023);
#641=VERTEX_POINT('',#2025);
#642=VERTEX_POINT('',#2027);
#643=VERTEX_POINT('',#2031);
#644=VERTEX_POINT('',#2032);
#645=VERTEX_POINT('',#2035);
#646=VERTEX_POINT('',#2039);
#647=VERTEX_POINT('',#2041);
#648=VERTEX_POINT('',#2045);
#649=VERTEX_POINT('',#2047);
#650=VERTEX_POINT('',#2051);
#651=VERTEX_POINT('',#2053);
#652=VERTEX_POINT('',#2055);
#653=VERTEX_POINT('',#2059);
#654=VERTEX_POINT('',#2061);
#655=VERTEX_POINT('',#2063);
#656=VERTEX_POINT('',#2065);
#657=VERTEX_POINT('',#2067);
#658=VERTEX_POINT('',#2069);
#659=VERTEX_POINT('',#2072);
#660=VERTEX_POINT('',#2073);
#661=VERTEX_POINT('',#2078);
#662=VERTEX_POINT('',#2080);
#663=VERTEX_POINT('',#2085);
#664=VERTEX_POINT('',#2090);
#665=VERTEX_POINT('',#2095);
#666=VERTEX_POINT('',#2100);
#667=VERTEX_POINT('',#2102);
#668=VERTEX_POINT('',#2107);
#669=VERTEX_POINT('',#2112);
#670=VERTEX_POINT('',#2114);
#671=VERTEX_POINT('',#2119);
#672=VERTEX_POINT('',#2124);
#673=VERTEX_POINT('',#2129);
#674=VERTEX_POINT('',#2134);
#675=VERTEX_POINT('',#2139);
#676=VERTEX_POINT('',#2141);
#677=VERTEX_POINT('',#2146);
#678=VERTEX_POINT('',#2151);
#679=VERTEX_POINT('',#2153);
#680=VERTEX_POINT('',#2158);
#681=VERTEX_POINT('',#2168);
#682=VERTEX_POINT('',#2169);
#683=VERTEX_POINT('',#2174);
#684=VERTEX_POINT('',#2176);
#685=VERTEX_POINT('',#2180);
#686=VERTEX_POINT('',#2186);
#687=VERTEX_POINT('',#2188);
#688=VERTEX_POINT('',#2190);
#689=VERTEX_POINT('',#2194);
#690=VERTEX_POINT('',#2198);
#691=VERTEX_POINT('',#2200);
#692=VERTEX_POINT('',#2202);
#693=VERTEX_POINT('',#2206);
#694=VERTEX_POINT('',#2208);
#695=VERTEX_POINT('',#2211);
#696=VERTEX_POINT('',#2214);
#697=VERTEX_POINT('',#2222);
#698=VERTEX_POINT('',#2224);
#699=VERTEX_POINT('',#2228);
#700=VERTEX_POINT('',#2232);
#701=VERTEX_POINT('',#2234);
#702=VERTEX_POINT('',#2245);
#703=VERTEX_POINT('',#2246);
#704=VERTEX_POINT('',#2251);
#705=VERTEX_POINT('',#2253);
#706=VERTEX_POINT('',#2267);
#707=VERTEX_POINT('',#2272);
#708=VERTEX_POINT('',#2286);
#709=VERTEX_POINT('',#2291);
#710=VERTEX_POINT('',#2321);
#711=VERTEX_POINT('',#2322);
#712=VERTEX_POINT('',#2327);
#713=VERTEX_POINT('',#2329);
#714=VERTEX_POINT('',#2343);
#715=VERTEX_POINT('',#2348);
#716=VERTEX_POINT('',#2362);
#717=VERTEX_POINT('',#2367);
#718=VERTEX_POINT('',#2397);
#719=VERTEX_POINT('',#2398);
#720=VERTEX_POINT('',#2403);
#721=VERTEX_POINT('',#2405);
#722=VERTEX_POINT('',#2419);
#723=VERTEX_POINT('',#2424);
#724=VERTEX_POINT('',#2438);
#725=VERTEX_POINT('',#2443);
#726=VERTEX_POINT('',#2457);
#727=VERTEX_POINT('',#2462);
#728=VERTEX_POINT('',#2479);
#729=VERTEX_POINT('',#2480);
#730=VERTEX_POINT('',#2488);
#731=VERTEX_POINT('',#2499);
#732=VERTEX_POINT('',#2513);
#733=VERTEX_POINT('',#2527);
#734=VERTEX_POINT('',#2541);
#735=VERTEX_POINT('',#2548);
#736=VERTEX_POINT('',#2559);
#737=VERTEX_POINT('',#2573);
#738=VERTEX_POINT('',#2580);
#739=VERTEX_POINT('',#2591);
#740=VERTEX_POINT('',#2605);
#741=VERTEX_POINT('',#2619);
#742=VERTEX_POINT('',#2633);
#743=VERTEX_POINT('',#2647);
#744=VERTEX_POINT('',#2654);
#745=VERTEX_POINT('',#2665);
#746=VERTEX_POINT('',#2679);
#747=VERTEX_POINT('',#2686);
#748=VERTEX_POINT('',#2697);
#749=VERTEX_POINT('',#2711);
#750=VERTEX_POINT('',#2739);
#751=VERTEX_POINT('',#2744);
#752=VERTEX_POINT('',#2748);
#753=VERTEX_POINT('',#2751);
#754=VERTEX_POINT('',#2758);
#755=VERTEX_POINT('',#2762);
#756=VERTEX_POINT('',#2766);
#757=VERTEX_POINT('',#2770);
#758=VERTEX_POINT('',#2776);
#759=VERTEX_POINT('',#2780);
#760=VERTEX_POINT('',#2784);
#761=VERTEX_POINT('',#2791);
#762=VERTEX_POINT('',#2793);
#763=VERTEX_POINT('',#2798);
#764=VERTEX_POINT('',#2800);
#765=VERTEX_POINT('',#2805);
#766=VERTEX_POINT('',#2810);
#767=EDGE_CURVE('',#626,#627,#344,.T.);
#768=EDGE_CURVE('',#627,#628,#345,.F.);
#769=EDGE_CURVE('',#628,#629,#346,.T.);
#770=EDGE_CURVE('',#629,#626,#347,.T.);
#771=EDGE_CURVE('',#629,#630,#348,.T.);
#772=EDGE_CURVE('',#630,#631,#349,.T.);
#773=EDGE_CURVE('',#631,#632,#350,.T.);
#774=EDGE_CURVE('',#632,#626,#351,.T.);
#775=EDGE_CURVE('',#627,#633,#352,.T.);
#776=EDGE_CURVE('',#634,#632,#353,.T.);
#777=EDGE_CURVE('',#635,#634,#354,.T.);
#778=EDGE_CURVE('',#636,#635,#355,.T.);
#779=EDGE_CURVE('',#633,#636,#356,.T.);
#780=EDGE_CURVE('',#631,#637,#357,.T.);
#781=EDGE_CURVE('',#637,#638,#358,.T.);
#782=EDGE_CURVE('',#638,#639,#359,.T.);
#783=EDGE_CURVE('',#639,#634,#360,.T.);
#784=EDGE_CURVE('',#630,#640,#361,.T.);
#785=EDGE_CURVE('',#641,#640,#362,.T.);
#786=EDGE_CURVE('',#642,#641,#363,.T.);
#787=EDGE_CURVE('',#642,#637,#364,.T.);
#788=EDGE_CURVE('',#643,#644,#365,.T.);
#789=EDGE_CURVE('',#644,#641,#366,.T.);
#790=EDGE_CURVE('',#640,#645,#367,.T.);
#791=EDGE_CURVE('',#645,#643,#368,.T.);
#792=EDGE_CURVE('',#645,#646,#369,.T.);
#793=EDGE_CURVE('',#646,#647,#370,.T.);
#794=EDGE_CURVE('',#647,#643,#371,.T.);
#795=EDGE_CURVE('',#646,#648,#372,.T.);
#796=EDGE_CURVE('',#648,#649,#152,.F.);
#797=EDGE_CURVE('',#649,#647,#373,.T.);
#798=EDGE_CURVE('',#644,#650,#374,.T.);
#799=EDGE_CURVE('',#651,#650,#375,.T.);
#800=EDGE_CURVE('',#652,#651,#376,.T.);
#801=EDGE_CURVE('',#652,#642,#377,.T.);
#802=EDGE_CURVE('',#649,#653,#378,.T.);
#803=EDGE_CURVE('',#654,#653,#379,.T.);
#804=EDGE_CURVE('',#655,#654,#380,.T.);
#805=EDGE_CURVE('',#656,#655,#381,.T.);
#806=EDGE_CURVE('',#657,#656,#382,.T.);
#807=EDGE_CURVE('',#658,#657,#383,.T.);
#808=EDGE_CURVE('',#650,#658,#384,.T.);
#809=EDGE_CURVE('',#659,#660,#94,.T.);
#810=EDGE_CURVE('',#660,#661,#385,.T.);
#811=EDGE_CURVE('',#661,#662,#95,.T.);
#812=EDGE_CURVE('',#662,#663,#96,.T.);
#813=EDGE_CURVE('',#663,#664,#97,.T.);
#814=EDGE_CURVE('',#664,#665,#98,.T.);
#815=EDGE_CURVE('',#665,#666,#386,.T.);
#816=EDGE_CURVE('',#666,#667,#99,.T.);
#817=EDGE_CURVE('',#667,#668,#100,.T.);
#818=EDGE_CURVE('',#668,#669,#387,.T.);
#819=EDGE_CURVE('',#669,#670,#101,.T.);
#820=EDGE_CURVE('',#670,#671,#102,.T.);
#821=EDGE_CURVE('',#671,#672,#103,.T.);
#822=EDGE_CURVE('',#672,#673,#104,.T.);
#823=EDGE_CURVE('',#673,#674,#105,.T.);
#824=EDGE_CURVE('',#674,#675,#388,.T.);
#825=EDGE_CURVE('',#675,#676,#106,.T.);
#826=EDGE_CURVE('',#676,#677,#107,.T.);
#827=EDGE_CURVE('',#677,#678,#389,.T.);
#828=EDGE_CURVE('',#678,#679,#108,.T.);
#829=EDGE_CURVE('',#679,#680,#109,.T.);
#830=EDGE_CURVE('',#680,#659,#110,.T.);
#831=EDGE_CURVE('',#681,#682,#390,.T.);
#832=EDGE_CURVE('',#682,#651,#391,.T.);
#833=EDGE_CURVE('',#658,#681,#392,.T.);
#834=EDGE_CURVE('',#656,#683,#393,.T.);
#835=EDGE_CURVE('',#683,#684,#394,.T.);
#836=EDGE_CURVE('',#684,#657,#395,.T.);
#837=EDGE_CURVE('',#655,#685,#153,.F.);
#838=EDGE_CURVE('',#685,#683,#396,.T.);
#839=EDGE_CURVE('',#684,#681,#397,.T.);
#840=EDGE_CURVE('',#686,#681,#398,.T.);
#841=EDGE_CURVE('',#687,#686,#399,.T.);
#842=EDGE_CURVE('',#688,#687,#400,.T.);
#843=EDGE_CURVE('',#682,#688,#401,.T.);
#844=EDGE_CURVE('',#684,#689,#402,.T.);
#845=EDGE_CURVE('',#689,#686,#403,.T.);
#846=EDGE_CURVE('',#690,#683,#404,.T.);
#847=EDGE_CURVE('',#690,#691,#405,.T.);
#848=EDGE_CURVE('',#692,#691,#406,.T.);
#849=EDGE_CURVE('',#689,#692,#407,.T.);
#850=EDGE_CURVE('',#685,#693,#408,.T.);
#851=EDGE_CURVE('',#693,#694,#409,.T.);
#852=EDGE_CURVE('',#694,#690,#66,.T.);
#853=EDGE_CURVE('',#695,#695,#67,.T.);
#854=EDGE_CURVE('',#688,#696,#410,.T.);
#855=EDGE_CURVE('',#696,#652,#411,.T.);
#856=EDGE_CURVE('',#687,#639,#412,.T.);
#857=EDGE_CURVE('',#638,#696,#413,.T.);
#858=EDGE_CURVE('',#645,#629,#414,.F.);
#859=EDGE_CURVE('',#697,#697,#68,.F.);
#860=EDGE_CURVE('',#698,#698,#69,.F.);
#861=EDGE_CURVE('',#628,#699,#415,.T.);
#862=EDGE_CURVE('',#699,#646,#416,.T.);
#863=EDGE_CURVE('',#699,#700,#70,.T.);
#864=EDGE_CURVE('',#700,#701,#417,.T.);
#865=EDGE_CURVE('',#701,#648,#418,.T.);
#866=EDGE_CURVE('',#702,#703,#111,.T.);
#867=EDGE_CURVE('',#703,#704,#419,.T.);
#868=EDGE_CURVE('',#705,#704,#112,.T.);
#869=EDGE_CURVE('',#702,#705,#420,.T.);
#870=EDGE_CURVE('',#703,#706,#113,.T.);
#871=EDGE_CURVE('',#706,#707,#421,.T.);
#872=EDGE_CURVE('',#704,#707,#114,.T.);
#873=EDGE_CURVE('',#706,#708,#115,.T.);
#874=EDGE_CURVE('',#708,#709,#422,.T.);
#875=EDGE_CURVE('',#707,#709,#116,.T.);
#876=EDGE_CURVE('',#708,#702,#117,.T.);
#877=EDGE_CURVE('',#709,#705,#118,.T.);
#878=EDGE_CURVE('',#710,#711,#119,.T.);
#879=EDGE_CURVE('',#711,#712,#423,.T.);
#880=EDGE_CURVE('',#713,#712,#120,.T.);
#881=EDGE_CURVE('',#710,#713,#424,.T.);
#882=EDGE_CURVE('',#711,#714,#121,.T.);
#883=EDGE_CURVE('',#714,#715,#425,.T.);
#884=EDGE_CURVE('',#712,#715,#122,.T.);
#885=EDGE_CURVE('',#714,#716,#123,.T.);
#886=EDGE_CURVE('',#716,#717,#426,.T.);
#887=EDGE_CURVE('',#715,#717,#124,.T.);
#888=EDGE_CURVE('',#716,#710,#125,.T.);
#889=EDGE_CURVE('',#717,#713,#126,.T.);
#890=EDGE_CURVE('',#718,#719,#127,.T.);
#891=EDGE_CURVE('',#719,#720,#427,.T.);
#892=EDGE_CURVE('',#721,#720,#128,.T.);
#893=EDGE_CURVE('',#718,#721,#428,.T.);
#894=EDGE_CURVE('',#719,#722,#129,.T.);
#895=EDGE_CURVE('',#722,#723,#429,.T.);
#896=EDGE_CURVE('',#720,#723,#130,.T.);
#897=EDGE_CURVE('',#722,#724,#131,.T.);
#898=EDGE_CURVE('',#724,#725,#430,.T.);
#899=EDGE_CURVE('',#723,#725,#132,.T.);
#900=EDGE_CURVE('',#724,#726,#133,.T.);
#901=EDGE_CURVE('',#726,#727,#431,.T.);
#902=EDGE_CURVE('',#725,#727,#134,.T.);
#903=EDGE_CURVE('',#726,#718,#432,.T.);
#904=EDGE_CURVE('',#727,#721,#433,.T.);
#905=EDGE_CURVE('',#728,#729,#135,.T.);
#906=EDGE_CURVE('',#729,#660,#434,.T.);
#907=EDGE_CURVE('',#728,#659,#435,.T.);
#908=EDGE_CURVE('',#729,#730,#436,.T.);
#909=EDGE_CURVE('',#730,#661,#437,.T.);
#910=EDGE_CURVE('',#730,#731,#136,.T.);
#911=EDGE_CURVE('',#731,#662,#438,.T.);
#912=EDGE_CURVE('',#731,#732,#137,.T.);
#913=EDGE_CURVE('',#732,#663,#439,.T.);
#914=EDGE_CURVE('',#732,#733,#138,.T.);
#915=EDGE_CURVE('',#733,#664,#440,.T.);
#916=EDGE_CURVE('',#733,#734,#139,.T.);
#917=EDGE_CURVE('',#734,#665,#441,.T.);
#918=EDGE_CURVE('',#734,#735,#442,.T.);
#919=EDGE_CURVE('',#735,#666,#443,.T.);
#920=EDGE_CURVE('',#735,#736,#140,.T.);
#921=EDGE_CURVE('',#736,#667,#444,.T.);
#922=EDGE_CURVE('',#736,#737,#141,.T.);
#923=EDGE_CURVE('',#737,#668,#445,.T.);
#924=EDGE_CURVE('',#737,#738,#446,.T.);
#925=EDGE_CURVE('',#738,#669,#447,.T.);
#926=EDGE_CURVE('',#738,#739,#142,.T.);
#927=EDGE_CURVE('',#739,#670,#448,.T.);
#928=EDGE_CURVE('',#739,#740,#143,.T.);
#929=EDGE_CURVE('',#740,#671,#449,.T.);
#930=EDGE_CURVE('',#740,#741,#144,.T.);
#931=EDGE_CURVE('',#741,#672,#450,.T.);
#932=EDGE_CURVE('',#741,#742,#145,.T.);
#933=EDGE_CURVE('',#742,#673,#451,.T.);
#934=EDGE_CURVE('',#742,#743,#146,.T.);
#935=EDGE_CURVE('',#743,#674,#452,.T.);
#936=EDGE_CURVE('',#743,#744,#453,.T.);
#937=EDGE_CURVE('',#744,#675,#454,.T.);
#938=EDGE_CURVE('',#744,#745,#147,.T.);
#939=EDGE_CURVE('',#745,#676,#455,.T.);
#940=EDGE_CURVE('',#745,#746,#148,.T.);
#941=EDGE_CURVE('',#746,#677,#456,.T.);
#942=EDGE_CURVE('',#746,#747,#457,.T.);
#943=EDGE_CURVE('',#747,#678,#458,.T.);
#944=EDGE_CURVE('',#747,#748,#149,.T.);
#945=EDGE_CURVE('',#748,#679,#459,.T.);
#946=EDGE_CURVE('',#748,#749,#150,.T.);
#947=EDGE_CURVE('',#749,#680,#460,.T.);
#948=EDGE_CURVE('',#749,#728,#151,.T.);
#949=EDGE_CURVE('',#686,#635,#461,.T.);
#950=EDGE_CURVE('',#635,#689,#462,.T.);
#951=EDGE_CURVE('',#692,#636,#463,.T.);
#952=EDGE_CURVE('',#692,#750,#464,.T.);
#953=EDGE_CURVE('',#633,#750,#465,.T.);
#954=EDGE_CURVE('',#695,#751,#466,.T.);
#955=EDGE_CURVE('',#751,#751,#71,.T.);
#956=EDGE_CURVE('',#752,#752,#72,.T.);
#957=EDGE_CURVE('',#752,#753,#467,.T.);
#958=EDGE_CURVE('',#753,#753,#73,.T.);
#959=EDGE_CURVE('',#750,#628,#468,.T.);
#960=EDGE_CURVE('',#754,#750,#469,.T.);
#961=EDGE_CURVE('',#699,#754,#470,.T.);
#962=EDGE_CURVE('',#755,#754,#74,.T.);
#963=EDGE_CURVE('',#700,#755,#471,.T.);
#964=EDGE_CURVE('',#756,#755,#472,.T.);
#965=EDGE_CURVE('',#701,#756,#473,.T.);
#966=EDGE_CURVE('',#757,#756,#474,.T.);
#967=EDGE_CURVE('',#648,#757,#475,.T.);
#968=EDGE_CURVE('',#653,#757,#75,.T.);
#969=EDGE_CURVE('',#758,#654,#76,.T.);
#970=EDGE_CURVE('',#685,#758,#476,.T.);
#971=EDGE_CURVE('',#759,#758,#477,.T.);
#972=EDGE_CURVE('',#693,#759,#478,.T.);
#973=EDGE_CURVE('',#760,#759,#479,.T.);
#974=EDGE_CURVE('',#694,#760,#480,.T.);
#975=EDGE_CURVE('',#691,#760,#77,.T.);
#976=EDGE_CURVE('',#761,#761,#78,.F.);
#977=EDGE_CURVE('',#762,#762,#79,.T.);
#978=EDGE_CURVE('',#698,#761,#481,.T.);
#979=EDGE_CURVE('',#763,#763,#80,.F.);
#980=EDGE_CURVE('',#764,#764,#81,.T.);
#981=EDGE_CURVE('',#697,#763,#482,.T.);
#982=EDGE_CURVE('',#765,#765,#82,.T.);
#983=EDGE_CURVE('',#764,#765,#483,.T.);
#984=EDGE_CURVE('',#766,#766,#83,.T.);
#985=EDGE_CURVE('',#762,#766,#484,.T.);
#986=ORIENTED_EDGE('',*,*,#767,.T.);
#987=ORIENTED_EDGE('',*,*,#768,.T.);
#988=ORIENTED_EDGE('',*,*,#769,.T.);
#989=ORIENTED_EDGE('',*,*,#770,.T.);
#990=ORIENTED_EDGE('',*,*,#771,.T.);
#991=ORIENTED_EDGE('',*,*,#772,.T.);
#992=ORIENTED_EDGE('',*,*,#773,.T.);
#993=ORIENTED_EDGE('',*,*,#774,.T.);
#994=ORIENTED_EDGE('',*,*,#770,.F.);
#995=ORIENTED_EDGE('',*,*,#775,.F.);
#996=ORIENTED_EDGE('',*,*,#767,.F.);
#997=ORIENTED_EDGE('',*,*,#774,.F.);
#998=ORIENTED_EDGE('',*,*,#776,.F.);
#999=ORIENTED_EDGE('',*,*,#777,.F.);
#1000=ORIENTED_EDGE('',*,*,#778,.F.);
#1001=ORIENTED_EDGE('',*,*,#779,.F.);
#1002=ORIENTED_EDGE('',*,*,#773,.F.);
#1003=ORIENTED_EDGE('',*,*,#780,.T.);
#1004=ORIENTED_EDGE('',*,*,#781,.T.);
#1005=ORIENTED_EDGE('',*,*,#782,.T.);
#1006=ORIENTED_EDGE('',*,*,#783,.T.);
#1007=ORIENTED_EDGE('',*,*,#776,.T.);
#1008=ORIENTED_EDGE('',*,*,#772,.F.);
#1009=ORIENTED_EDGE('',*,*,#784,.T.);
#1010=ORIENTED_EDGE('',*,*,#785,.F.);
#1011=ORIENTED_EDGE('',*,*,#786,.F.);
#1012=ORIENTED_EDGE('',*,*,#787,.T.);
#1013=ORIENTED_EDGE('',*,*,#780,.F.);
#1014=ORIENTED_EDGE('',*,*,#788,.T.);
#1015=ORIENTED_EDGE('',*,*,#789,.T.);
#1016=ORIENTED_EDGE('',*,*,#785,.T.);
#1017=ORIENTED_EDGE('',*,*,#790,.T.);
#1018=ORIENTED_EDGE('',*,*,#791,.T.);
#1019=ORIENTED_EDGE('',*,*,#792,.T.);
#1020=ORIENTED_EDGE('',*,*,#793,.T.);
#1021=ORIENTED_EDGE('',*,*,#794,.T.);
#1022=ORIENTED_EDGE('',*,*,#791,.F.);
#1023=ORIENTED_EDGE('',*,*,#795,.T.);
#1024=ORIENTED_EDGE('',*,*,#796,.T.);
#1025=ORIENTED_EDGE('',*,*,#797,.T.);
#1026=ORIENTED_EDGE('',*,*,#793,.F.);
#1027=ORIENTED_EDGE('',*,*,#789,.F.);
#1028=ORIENTED_EDGE('',*,*,#798,.T.);
#1029=ORIENTED_EDGE('',*,*,#799,.F.);
#1030=ORIENTED_EDGE('',*,*,#800,.F.);
#1031=ORIENTED_EDGE('',*,*,#801,.T.);
#1032=ORIENTED_EDGE('',*,*,#786,.T.);
#1033=ORIENTED_EDGE('',*,*,#788,.F.);
#1034=ORIENTED_EDGE('',*,*,#794,.F.);
#1035=ORIENTED_EDGE('',*,*,#797,.F.);
#1036=ORIENTED_EDGE('',*,*,#802,.T.);
#1037=ORIENTED_EDGE('',*,*,#803,.F.);
#1038=ORIENTED_EDGE('',*,*,#804,.F.);
#1039=ORIENTED_EDGE('',*,*,#805,.F.);
#1040=ORIENTED_EDGE('',*,*,#806,.F.);
#1041=ORIENTED_EDGE('',*,*,#807,.F.);
#1042=ORIENTED_EDGE('',*,*,#808,.F.);
#1043=ORIENTED_EDGE('',*,*,#798,.F.);
#1044=ORIENTED_EDGE('',*,*,#809,.T.);
#1045=ORIENTED_EDGE('',*,*,#810,.T.);
#1046=ORIENTED_EDGE('',*,*,#811,.T.);
#1047=ORIENTED_EDGE('',*,*,#812,.T.);
#1048=ORIENTED_EDGE('',*,*,#813,.T.);
#1049=ORIENTED_EDGE('',*,*,#814,.T.);
#1050=ORIENTED_EDGE('',*,*,#815,.T.);
#1051=ORIENTED_EDGE('',*,*,#816,.T.);
#1052=ORIENTED_EDGE('',*,*,#817,.T.);
#1053=ORIENTED_EDGE('',*,*,#818,.T.);
#1054=ORIENTED_EDGE('',*,*,#819,.T.);
#1055=ORIENTED_EDGE('',*,*,#820,.T.);
#1056=ORIENTED_EDGE('',*,*,#821,.T.);
#1057=ORIENTED_EDGE('',*,*,#822,.T.);
#1058=ORIENTED_EDGE('',*,*,#823,.T.);
#1059=ORIENTED_EDGE('',*,*,#824,.T.);
#1060=ORIENTED_EDGE('',*,*,#825,.T.);
#1061=ORIENTED_EDGE('',*,*,#826,.T.);
#1062=ORIENTED_EDGE('',*,*,#827,.T.);
#1063=ORIENTED_EDGE('',*,*,#828,.T.);
#1064=ORIENTED_EDGE('',*,*,#829,.T.);
#1065=ORIENTED_EDGE('',*,*,#830,.T.);
#1066=ORIENTED_EDGE('',*,*,#831,.T.);
#1067=ORIENTED_EDGE('',*,*,#832,.T.);
#1068=ORIENTED_EDGE('',*,*,#799,.T.);
#1069=ORIENTED_EDGE('',*,*,#808,.T.);
#1070=ORIENTED_EDGE('',*,*,#833,.T.);
#1071=ORIENTED_EDGE('',*,*,#806,.T.);
#1072=ORIENTED_EDGE('',*,*,#834,.T.);
#1073=ORIENTED_EDGE('',*,*,#835,.T.);
#1074=ORIENTED_EDGE('',*,*,#836,.T.);
#1075=ORIENTED_EDGE('',*,*,#805,.T.);
#1076=ORIENTED_EDGE('',*,*,#837,.T.);
#1077=ORIENTED_EDGE('',*,*,#838,.T.);
#1078=ORIENTED_EDGE('',*,*,#834,.F.);
#1079=ORIENTED_EDGE('',*,*,#807,.T.);
#1080=ORIENTED_EDGE('',*,*,#836,.F.);
#1081=ORIENTED_EDGE('',*,*,#839,.T.);
#1082=ORIENTED_EDGE('',*,*,#833,.F.);
#1083=ORIENTED_EDGE('',*,*,#831,.F.);
#1084=ORIENTED_EDGE('',*,*,#840,.F.);
#1085=ORIENTED_EDGE('',*,*,#841,.F.);
#1086=ORIENTED_EDGE('',*,*,#842,.F.);
#1087=ORIENTED_EDGE('',*,*,#843,.F.);
#1088=ORIENTED_EDGE('',*,*,#839,.F.);
#1089=ORIENTED_EDGE('',*,*,#844,.T.);
#1090=ORIENTED_EDGE('',*,*,#845,.T.);
#1091=ORIENTED_EDGE('',*,*,#840,.T.);
#1092=ORIENTED_EDGE('',*,*,#835,.F.);
#1093=ORIENTED_EDGE('',*,*,#846,.F.);
#1094=ORIENTED_EDGE('',*,*,#847,.T.);
#1095=ORIENTED_EDGE('',*,*,#848,.F.);
#1096=ORIENTED_EDGE('',*,*,#849,.F.);
#1097=ORIENTED_EDGE('',*,*,#844,.F.);
#1098=ORIENTED_EDGE('',*,*,#838,.F.);
#1099=ORIENTED_EDGE('',*,*,#850,.T.);
#1100=ORIENTED_EDGE('',*,*,#851,.T.);
#1101=ORIENTED_EDGE('',*,*,#852,.T.);
#1102=ORIENTED_EDGE('',*,*,#846,.T.);
#1103=ORIENTED_EDGE('',*,*,#853,.T.);
#1104=ORIENTED_EDGE('',*,*,#832,.F.);
#1105=ORIENTED_EDGE('',*,*,#843,.T.);
#1106=ORIENTED_EDGE('',*,*,#854,.T.);
#1107=ORIENTED_EDGE('',*,*,#855,.T.);
#1108=ORIENTED_EDGE('',*,*,#800,.T.);
#1109=ORIENTED_EDGE('',*,*,#856,.T.);
#1110=ORIENTED_EDGE('',*,*,#782,.F.);
#1111=ORIENTED_EDGE('',*,*,#857,.T.);
#1112=ORIENTED_EDGE('',*,*,#854,.F.);
#1113=ORIENTED_EDGE('',*,*,#842,.T.);
#1114=ORIENTED_EDGE('',*,*,#771,.F.);
#1115=ORIENTED_EDGE('',*,*,#858,.F.);
#1116=ORIENTED_EDGE('',*,*,#790,.F.);
#1117=ORIENTED_EDGE('',*,*,#784,.F.);
#1118=ORIENTED_EDGE('',*,*,#859,.T.);
#1119=ORIENTED_EDGE('',*,*,#860,.T.);
#1120=ORIENTED_EDGE('',*,*,#781,.F.);
#1121=ORIENTED_EDGE('',*,*,#787,.F.);
#1122=ORIENTED_EDGE('',*,*,#801,.F.);
#1123=ORIENTED_EDGE('',*,*,#855,.F.);
#1124=ORIENTED_EDGE('',*,*,#857,.F.);
#1125=ORIENTED_EDGE('',*,*,#769,.F.);
#1126=ORIENTED_EDGE('',*,*,#861,.T.);
#1127=ORIENTED_EDGE('',*,*,#862,.T.);
#1128=ORIENTED_EDGE('',*,*,#792,.F.);
#1129=ORIENTED_EDGE('',*,*,#858,.T.);
#1130=ORIENTED_EDGE('',*,*,#795,.F.);
#1131=ORIENTED_EDGE('',*,*,#862,.F.);
#1132=ORIENTED_EDGE('',*,*,#863,.T.);
#1133=ORIENTED_EDGE('',*,*,#864,.T.);
#1134=ORIENTED_EDGE('',*,*,#865,.T.);
#1135=ORIENTED_EDGE('',*,*,#866,.T.);
#1136=ORIENTED_EDGE('',*,*,#867,.T.);
#1137=ORIENTED_EDGE('',*,*,#868,.F.);
#1138=ORIENTED_EDGE('',*,*,#869,.F.);
#1139=ORIENTED_EDGE('',*,*,#870,.T.);
#1140=ORIENTED_EDGE('',*,*,#871,.T.);
#1141=ORIENTED_EDGE('',*,*,#872,.F.);
#1142=ORIENTED_EDGE('',*,*,#867,.F.);
#1143=ORIENTED_EDGE('',*,*,#873,.T.);
#1144=ORIENTED_EDGE('',*,*,#874,.T.);
#1145=ORIENTED_EDGE('',*,*,#875,.F.);
#1146=ORIENTED_EDGE('',*,*,#871,.F.);
#1147=ORIENTED_EDGE('',*,*,#876,.T.);
#1148=ORIENTED_EDGE('',*,*,#869,.T.);
#1149=ORIENTED_EDGE('',*,*,#877,.F.);
#1150=ORIENTED_EDGE('',*,*,#874,.F.);
#1151=ORIENTED_EDGE('',*,*,#878,.T.);
#1152=ORIENTED_EDGE('',*,*,#879,.T.);
#1153=ORIENTED_EDGE('',*,*,#880,.F.);
#1154=ORIENTED_EDGE('',*,*,#881,.F.);
#1155=ORIENTED_EDGE('',*,*,#882,.T.);
#1156=ORIENTED_EDGE('',*,*,#883,.T.);
#1157=ORIENTED_EDGE('',*,*,#884,.F.);
#1158=ORIENTED_EDGE('',*,*,#879,.F.);
#1159=ORIENTED_EDGE('',*,*,#885,.T.);
#1160=ORIENTED_EDGE('',*,*,#886,.T.);
#1161=ORIENTED_EDGE('',*,*,#887,.F.);
#1162=ORIENTED_EDGE('',*,*,#883,.F.);
#1163=ORIENTED_EDGE('',*,*,#888,.T.);
#1164=ORIENTED_EDGE('',*,*,#881,.T.);
#1165=ORIENTED_EDGE('',*,*,#889,.F.);
#1166=ORIENTED_EDGE('',*,*,#886,.F.);
#1167=ORIENTED_EDGE('',*,*,#890,.T.);
#1168=ORIENTED_EDGE('',*,*,#891,.T.);
#1169=ORIENTED_EDGE('',*,*,#892,.F.);
#1170=ORIENTED_EDGE('',*,*,#893,.F.);
#1171=ORIENTED_EDGE('',*,*,#894,.T.);
#1172=ORIENTED_EDGE('',*,*,#895,.T.);
#1173=ORIENTED_EDGE('',*,*,#896,.F.);
#1174=ORIENTED_EDGE('',*,*,#891,.F.);
#1175=ORIENTED_EDGE('',*,*,#897,.T.);
#1176=ORIENTED_EDGE('',*,*,#898,.T.);
#1177=ORIENTED_EDGE('',*,*,#899,.F.);
#1178=ORIENTED_EDGE('',*,*,#895,.F.);
#1179=ORIENTED_EDGE('',*,*,#900,.T.);
#1180=ORIENTED_EDGE('',*,*,#901,.T.);
#1181=ORIENTED_EDGE('',*,*,#902,.F.);
#1182=ORIENTED_EDGE('',*,*,#898,.F.);
#1183=ORIENTED_EDGE('',*,*,#903,.T.);
#1184=ORIENTED_EDGE('',*,*,#893,.T.);
#1185=ORIENTED_EDGE('',*,*,#904,.F.);
#1186=ORIENTED_EDGE('',*,*,#901,.F.);
#1187=ORIENTED_EDGE('',*,*,#905,.T.);
#1188=ORIENTED_EDGE('',*,*,#906,.T.);
#1189=ORIENTED_EDGE('',*,*,#809,.F.);
#1190=ORIENTED_EDGE('',*,*,#907,.F.);
#1191=ORIENTED_EDGE('',*,*,#908,.T.);
#1192=ORIENTED_EDGE('',*,*,#909,.T.);
#1193=ORIENTED_EDGE('',*,*,#810,.F.);
#1194=ORIENTED_EDGE('',*,*,#906,.F.);
#1195=ORIENTED_EDGE('',*,*,#910,.T.);
#1196=ORIENTED_EDGE('',*,*,#911,.T.);
#1197=ORIENTED_EDGE('',*,*,#811,.F.);
#1198=ORIENTED_EDGE('',*,*,#909,.F.);
#1199=ORIENTED_EDGE('',*,*,#912,.T.);
#1200=ORIENTED_EDGE('',*,*,#913,.T.);
#1201=ORIENTED_EDGE('',*,*,#812,.F.);
#1202=ORIENTED_EDGE('',*,*,#911,.F.);
#1203=ORIENTED_EDGE('',*,*,#914,.T.);
#1204=ORIENTED_EDGE('',*,*,#915,.T.);
#1205=ORIENTED_EDGE('',*,*,#813,.F.);
#1206=ORIENTED_EDGE('',*,*,#913,.F.);
#1207=ORIENTED_EDGE('',*,*,#916,.T.);
#1208=ORIENTED_EDGE('',*,*,#917,.T.);
#1209=ORIENTED_EDGE('',*,*,#814,.F.);
#1210=ORIENTED_EDGE('',*,*,#915,.F.);
#1211=ORIENTED_EDGE('',*,*,#918,.T.);
#1212=ORIENTED_EDGE('',*,*,#919,.T.);
#1213=ORIENTED_EDGE('',*,*,#815,.F.);
#1214=ORIENTED_EDGE('',*,*,#917,.F.);
#1215=ORIENTED_EDGE('',*,*,#920,.T.);
#1216=ORIENTED_EDGE('',*,*,#921,.T.);
#1217=ORIENTED_EDGE('',*,*,#816,.F.);
#1218=ORIENTED_EDGE('',*,*,#919,.F.);
#1219=ORIENTED_EDGE('',*,*,#922,.T.);
#1220=ORIENTED_EDGE('',*,*,#923,.T.);
#1221=ORIENTED_EDGE('',*,*,#817,.F.);
#1222=ORIENTED_EDGE('',*,*,#921,.F.);
#1223=ORIENTED_EDGE('',*,*,#924,.T.);
#1224=ORIENTED_EDGE('',*,*,#925,.T.);
#1225=ORIENTED_EDGE('',*,*,#818,.F.);
#1226=ORIENTED_EDGE('',*,*,#923,.F.);
#1227=ORIENTED_EDGE('',*,*,#926,.T.);
#1228=ORIENTED_EDGE('',*,*,#927,.T.);
#1229=ORIENTED_EDGE('',*,*,#819,.F.);
#1230=ORIENTED_EDGE('',*,*,#925,.F.);
#1231=ORIENTED_EDGE('',*,*,#928,.T.);
#1232=ORIENTED_EDGE('',*,*,#929,.T.);
#1233=ORIENTED_EDGE('',*,*,#820,.F.);
#1234=ORIENTED_EDGE('',*,*,#927,.F.);
#1235=ORIENTED_EDGE('',*,*,#930,.T.);
#1236=ORIENTED_EDGE('',*,*,#931,.T.);
#1237=ORIENTED_EDGE('',*,*,#821,.F.);
#1238=ORIENTED_EDGE('',*,*,#929,.F.);
#1239=ORIENTED_EDGE('',*,*,#932,.T.);
#1240=ORIENTED_EDGE('',*,*,#933,.T.);
#1241=ORIENTED_EDGE('',*,*,#822,.F.);
#1242=ORIENTED_EDGE('',*,*,#931,.F.);
#1243=ORIENTED_EDGE('',*,*,#934,.T.);
#1244=ORIENTED_EDGE('',*,*,#935,.T.);
#1245=ORIENTED_EDGE('',*,*,#823,.F.);
#1246=ORIENTED_EDGE('',*,*,#933,.F.);
#1247=ORIENTED_EDGE('',*,*,#936,.T.);
#1248=ORIENTED_EDGE('',*,*,#937,.T.);
#1249=ORIENTED_EDGE('',*,*,#824,.F.);
#1250=ORIENTED_EDGE('',*,*,#935,.F.);
#1251=ORIENTED_EDGE('',*,*,#938,.T.);
#1252=ORIENTED_EDGE('',*,*,#939,.T.);
#1253=ORIENTED_EDGE('',*,*,#825,.F.);
#1254=ORIENTED_EDGE('',*,*,#937,.F.);
#1255=ORIENTED_EDGE('',*,*,#940,.T.);
#1256=ORIENTED_EDGE('',*,*,#941,.T.);
#1257=ORIENTED_EDGE('',*,*,#826,.F.);
#1258=ORIENTED_EDGE('',*,*,#939,.F.);
#1259=ORIENTED_EDGE('',*,*,#942,.T.);
#1260=ORIENTED_EDGE('',*,*,#943,.T.);
#1261=ORIENTED_EDGE('',*,*,#827,.F.);
#1262=ORIENTED_EDGE('',*,*,#941,.F.);
#1263=ORIENTED_EDGE('',*,*,#944,.T.);
#1264=ORIENTED_EDGE('',*,*,#945,.T.);
#1265=ORIENTED_EDGE('',*,*,#828,.F.);
#1266=ORIENTED_EDGE('',*,*,#943,.F.);
#1267=ORIENTED_EDGE('',*,*,#946,.T.);
#1268=ORIENTED_EDGE('',*,*,#947,.T.);
#1269=ORIENTED_EDGE('',*,*,#829,.F.);
#1270=ORIENTED_EDGE('',*,*,#945,.F.);
#1271=ORIENTED_EDGE('',*,*,#948,.T.);
#1272=ORIENTED_EDGE('',*,*,#907,.T.);
#1273=ORIENTED_EDGE('',*,*,#830,.F.);
#1274=ORIENTED_EDGE('',*,*,#947,.F.);
#1275=ORIENTED_EDGE('',*,*,#948,.F.);
#1276=ORIENTED_EDGE('',*,*,#946,.F.);
#1277=ORIENTED_EDGE('',*,*,#944,.F.);
#1278=ORIENTED_EDGE('',*,*,#942,.F.);
#1279=ORIENTED_EDGE('',*,*,#940,.F.);
#1280=ORIENTED_EDGE('',*,*,#938,.F.);
#1281=ORIENTED_EDGE('',*,*,#936,.F.);
#1282=ORIENTED_EDGE('',*,*,#934,.F.);
#1283=ORIENTED_EDGE('',*,*,#932,.F.);
#1284=ORIENTED_EDGE('',*,*,#930,.F.);
#1285=ORIENTED_EDGE('',*,*,#928,.F.);
#1286=ORIENTED_EDGE('',*,*,#926,.F.);
#1287=ORIENTED_EDGE('',*,*,#924,.F.);
#1288=ORIENTED_EDGE('',*,*,#922,.F.);
#1289=ORIENTED_EDGE('',*,*,#920,.F.);
#1290=ORIENTED_EDGE('',*,*,#918,.F.);
#1291=ORIENTED_EDGE('',*,*,#916,.F.);
#1292=ORIENTED_EDGE('',*,*,#914,.F.);
#1293=ORIENTED_EDGE('',*,*,#912,.F.);
#1294=ORIENTED_EDGE('',*,*,#910,.F.);
#1295=ORIENTED_EDGE('',*,*,#908,.F.);
#1296=ORIENTED_EDGE('',*,*,#905,.F.);
#1297=ORIENTED_EDGE('',*,*,#903,.F.);
#1298=ORIENTED_EDGE('',*,*,#900,.F.);
#1299=ORIENTED_EDGE('',*,*,#897,.F.);
#1300=ORIENTED_EDGE('',*,*,#894,.F.);
#1301=ORIENTED_EDGE('',*,*,#890,.F.);
#1302=ORIENTED_EDGE('',*,*,#888,.F.);
#1303=ORIENTED_EDGE('',*,*,#885,.F.);
#1304=ORIENTED_EDGE('',*,*,#882,.F.);
#1305=ORIENTED_EDGE('',*,*,#878,.F.);
#1306=ORIENTED_EDGE('',*,*,#876,.F.);
#1307=ORIENTED_EDGE('',*,*,#873,.F.);
#1308=ORIENTED_EDGE('',*,*,#870,.F.);
#1309=ORIENTED_EDGE('',*,*,#866,.F.);
#1310=ORIENTED_EDGE('',*,*,#892,.T.);
#1311=ORIENTED_EDGE('',*,*,#896,.T.);
#1312=ORIENTED_EDGE('',*,*,#899,.T.);
#1313=ORIENTED_EDGE('',*,*,#902,.T.);
#1314=ORIENTED_EDGE('',*,*,#904,.T.);
#1315=ORIENTED_EDGE('',*,*,#880,.T.);
#1316=ORIENTED_EDGE('',*,*,#884,.T.);
#1317=ORIENTED_EDGE('',*,*,#887,.T.);
#1318=ORIENTED_EDGE('',*,*,#889,.T.);
#1319=ORIENTED_EDGE('',*,*,#949,.F.);
#1320=ORIENTED_EDGE('',*,*,#845,.F.);
#1321=ORIENTED_EDGE('',*,*,#950,.F.);
#1322=ORIENTED_EDGE('',*,*,#951,.T.);
#1323=ORIENTED_EDGE('',*,*,#778,.T.);
#1324=ORIENTED_EDGE('',*,*,#950,.T.);
#1325=ORIENTED_EDGE('',*,*,#849,.T.);
#1326=ORIENTED_EDGE('',*,*,#856,.F.);
#1327=ORIENTED_EDGE('',*,*,#841,.T.);
#1328=ORIENTED_EDGE('',*,*,#949,.T.);
#1329=ORIENTED_EDGE('',*,*,#777,.T.);
#1330=ORIENTED_EDGE('',*,*,#783,.F.);
#1331=ORIENTED_EDGE('',*,*,#951,.F.);
#1332=ORIENTED_EDGE('',*,*,#952,.T.);
#1333=ORIENTED_EDGE('',*,*,#953,.F.);
#1334=ORIENTED_EDGE('',*,*,#779,.T.);
#1335=ORIENTED_EDGE('',*,*,#868,.T.);
#1336=ORIENTED_EDGE('',*,*,#872,.T.);
#1337=ORIENTED_EDGE('',*,*,#875,.T.);
#1338=ORIENTED_EDGE('',*,*,#877,.T.);
#1339=ORIENTED_EDGE('',*,*,#853,.F.);
#1340=ORIENTED_EDGE('',*,*,#954,.T.);
#1341=ORIENTED_EDGE('',*,*,#955,.T.);
#1342=ORIENTED_EDGE('',*,*,#954,.F.);
#1343=ORIENTED_EDGE('',*,*,#955,.F.);
#1344=ORIENTED_EDGE('',*,*,#956,.F.);
#1345=ORIENTED_EDGE('',*,*,#956,.T.);
#1346=ORIENTED_EDGE('',*,*,#957,.T.);
#1347=ORIENTED_EDGE('',*,*,#958,.T.);
#1348=ORIENTED_EDGE('',*,*,#957,.F.);
#1349=ORIENTED_EDGE('',*,*,#958,.F.);
#1350=ORIENTED_EDGE('',*,*,#775,.T.);
#1351=ORIENTED_EDGE('',*,*,#953,.T.);
#1352=ORIENTED_EDGE('',*,*,#959,.T.);
#1353=ORIENTED_EDGE('',*,*,#768,.F.);
#1354=ORIENTED_EDGE('',*,*,#959,.F.);
#1355=ORIENTED_EDGE('',*,*,#960,.F.);
#1356=ORIENTED_EDGE('',*,*,#961,.F.);
#1357=ORIENTED_EDGE('',*,*,#861,.F.);
#1358=ORIENTED_EDGE('',*,*,#863,.F.);
#1359=ORIENTED_EDGE('',*,*,#961,.T.);
#1360=ORIENTED_EDGE('',*,*,#962,.F.);
#1361=ORIENTED_EDGE('',*,*,#963,.F.);
#1362=ORIENTED_EDGE('',*,*,#864,.F.);
#1363=ORIENTED_EDGE('',*,*,#963,.T.);
#1364=ORIENTED_EDGE('',*,*,#964,.F.);
#1365=ORIENTED_EDGE('',*,*,#965,.F.);
#1366=ORIENTED_EDGE('',*,*,#865,.F.);
#1367=ORIENTED_EDGE('',*,*,#965,.T.);
#1368=ORIENTED_EDGE('',*,*,#966,.F.);
#1369=ORIENTED_EDGE('',*,*,#967,.F.);
#1370=ORIENTED_EDGE('',*,*,#967,.T.);
#1371=ORIENTED_EDGE('',*,*,#968,.F.);
#1372=ORIENTED_EDGE('',*,*,#802,.F.);
#1373=ORIENTED_EDGE('',*,*,#796,.F.);
#1374=ORIENTED_EDGE('',*,*,#804,.T.);
#1375=ORIENTED_EDGE('',*,*,#969,.F.);
#1376=ORIENTED_EDGE('',*,*,#970,.F.);
#1377=ORIENTED_EDGE('',*,*,#837,.F.);
#1378=ORIENTED_EDGE('',*,*,#850,.F.);
#1379=ORIENTED_EDGE('',*,*,#970,.T.);
#1380=ORIENTED_EDGE('',*,*,#971,.F.);
#1381=ORIENTED_EDGE('',*,*,#972,.F.);
#1382=ORIENTED_EDGE('',*,*,#851,.F.);
#1383=ORIENTED_EDGE('',*,*,#972,.T.);
#1384=ORIENTED_EDGE('',*,*,#973,.F.);
#1385=ORIENTED_EDGE('',*,*,#974,.F.);
#1386=ORIENTED_EDGE('',*,*,#852,.F.);
#1387=ORIENTED_EDGE('',*,*,#974,.T.);
#1388=ORIENTED_EDGE('',*,*,#975,.F.);
#1389=ORIENTED_EDGE('',*,*,#847,.F.);
#1390=ORIENTED_EDGE('',*,*,#952,.F.);
#1391=ORIENTED_EDGE('',*,*,#848,.T.);
#1392=ORIENTED_EDGE('',*,*,#975,.T.);
#1393=ORIENTED_EDGE('',*,*,#973,.T.);
#1394=ORIENTED_EDGE('',*,*,#971,.T.);
#1395=ORIENTED_EDGE('',*,*,#969,.T.);
#1396=ORIENTED_EDGE('',*,*,#803,.T.);
#1397=ORIENTED_EDGE('',*,*,#968,.T.);
#1398=ORIENTED_EDGE('',*,*,#966,.T.);
#1399=ORIENTED_EDGE('',*,*,#964,.T.);
#1400=ORIENTED_EDGE('',*,*,#962,.T.);
#1401=ORIENTED_EDGE('',*,*,#960,.T.);
#1402=ORIENTED_EDGE('',*,*,#976,.F.);
#1403=ORIENTED_EDGE('',*,*,#977,.T.);
#1404=ORIENTED_EDGE('',*,*,#860,.F.);
#1405=ORIENTED_EDGE('',*,*,#978,.T.);
#1406=ORIENTED_EDGE('',*,*,#976,.T.);
#1407=ORIENTED_EDGE('',*,*,#978,.F.);
#1408=ORIENTED_EDGE('',*,*,#979,.F.);
#1409=ORIENTED_EDGE('',*,*,#980,.T.);
#1410=ORIENTED_EDGE('',*,*,#859,.F.);
#1411=ORIENTED_EDGE('',*,*,#981,.T.);
#1412=ORIENTED_EDGE('',*,*,#979,.T.);
#1413=ORIENTED_EDGE('',*,*,#981,.F.);
#1414=ORIENTED_EDGE('',*,*,#982,.F.);
#1415=ORIENTED_EDGE('',*,*,#980,.F.);
#1416=ORIENTED_EDGE('',*,*,#983,.T.);
#1417=ORIENTED_EDGE('',*,*,#982,.T.);
#1418=ORIENTED_EDGE('',*,*,#983,.F.);
#1419=ORIENTED_EDGE('',*,*,#984,.F.);
#1420=ORIENTED_EDGE('',*,*,#977,.F.);
#1421=ORIENTED_EDGE('',*,*,#985,.T.);
#1422=ORIENTED_EDGE('',*,*,#984,.T.);
#1423=ORIENTED_EDGE('',*,*,#985,.F.);
#1424=PLANE('',#1582);
#1425=PLANE('',#1583);
#1426=PLANE('',#1584);
#1427=PLANE('',#1585);
#1428=PLANE('',#1586);
#1429=PLANE('',#1587);
#1430=PLANE('',#1588);
#1431=PLANE('',#1589);
#1432=PLANE('',#1591);
#1433=PLANE('',#1592);
#1434=PLANE('',#1593);
#1435=PLANE('',#1594);
#1436=PLANE('',#1595);
#1437=PLANE('',#1597);
#1438=PLANE('',#1598);
#1439=PLANE('',#1599);
#1440=PLANE('',#1600);
#1441=PLANE('',#1601);
#1442=PLANE('',#1604);
#1443=PLANE('',#1605);
#1444=PLANE('',#1606);
#1445=PLANE('',#1609);
#1446=PLANE('',#1610);
#1447=PLANE('',#1611);
#1448=PLANE('',#1613);
#1449=PLANE('',#1614);
#1450=PLANE('',#1615);
#1451=PLANE('',#1616);
#1452=PLANE('',#1617);
#1453=PLANE('',#1618);
#1454=PLANE('',#1619);
#1455=PLANE('',#1620);
#1456=PLANE('',#1621);
#1457=PLANE('',#1622);
#1458=PLANE('',#1623);
#1459=PLANE('',#1624);
#1460=PLANE('',#1625);
#1461=PLANE('',#1626);
#1462=PLANE('',#1629);
#1463=PLANE('',#1633);
#1464=PLANE('',#1634);
#1465=PLANE('',#1635);
#1466=PLANE('',#1638);
#1467=PLANE('',#1639);
#1468=PLANE('',#1644);
#1469=PLANE('',#1645);
#1470=PLANE('',#1648);
#1471=PLANE('',#1649);
#1472=PLANE('',#1653);
#1473=PLANE('',#1657);
#1474=PLANE('',#1660);
#1475=ADVANCED_FACE('',(#154),#1424,.T.);
#1476=ADVANCED_FACE('',(#155),#1425,.T.);
#1477=ADVANCED_FACE('',(#156),#1426,.T.);
#1478=ADVANCED_FACE('',(#157),#1427,.T.);
#1479=ADVANCED_FACE('',(#158),#1428,.T.);
#1480=ADVANCED_FACE('',(#159),#1429,.T.);
#1481=ADVANCED_FACE('',(#160),#1430,.T.);
#1482=ADVANCED_FACE('',(#161),#1431,.T.);
#1483=ADVANCED_FACE('',(#162),#1432,.T.);
#1484=ADVANCED_FACE('',(#163,#84),#1433,.T.);
#1485=ADVANCED_FACE('',(#164),#1434,.T.);
#1486=ADVANCED_FACE('',(#165),#1435,.T.);
#1487=ADVANCED_FACE('',(#166),#1436,.T.);
#1488=ADVANCED_FACE('',(#167),#1437,.T.);
#1489=ADVANCED_FACE('',(#168),#1438,.T.);
#1490=ADVANCED_FACE('',(#169),#1439,.T.);
#1491=ADVANCED_FACE('',(#170),#1440,.F.);
#1492=ADVANCED_FACE('',(#171,#85),#1441,.T.);
#1493=ADVANCED_FACE('',(#172),#1442,.T.);
#1494=ADVANCED_FACE('',(#173),#1443,.T.);
#1495=ADVANCED_FACE('',(#174,#86,#87),#1444,.F.);
#1496=ADVANCED_FACE('',(#175),#1445,.T.);
#1497=ADVANCED_FACE('',(#176),#1446,.T.);
#1498=ADVANCED_FACE('',(#177),#1447,.T.);
#1499=ADVANCED_FACE('',(#178),#37,.F.);
#1500=ADVANCED_FACE('',(#179),#38,.F.);
#1501=ADVANCED_FACE('',(#180),#39,.F.);
#1502=ADVANCED_FACE('',(#181),#40,.F.);
#1503=ADVANCED_FACE('',(#182),#41,.F.);
#1504=ADVANCED_FACE('',(#183),#42,.F.);
#1505=ADVANCED_FACE('',(#184),#43,.F.);
#1506=ADVANCED_FACE('',(#185),#44,.F.);
#1507=ADVANCED_FACE('',(#186),#45,.F.);
#1508=ADVANCED_FACE('',(#187),#46,.F.);
#1509=ADVANCED_FACE('',(#188),#47,.F.);
#1510=ADVANCED_FACE('',(#189),#48,.F.);
#1511=ADVANCED_FACE('',(#190),#1448,.F.);
#1512=ADVANCED_FACE('',(#191),#49,.F.);
#1513=ADVANCED_FACE('',(#192),#1449,.F.);
#1514=ADVANCED_FACE('',(#193),#50,.F.);
#1515=ADVANCED_FACE('',(#194),#51,.F.);
#1516=ADVANCED_FACE('',(#195),#52,.F.);
#1517=ADVANCED_FACE('',(#196),#53,.F.);
#1518=ADVANCED_FACE('',(#197),#1450,.F.);
#1519=ADVANCED_FACE('',(#198),#54,.F.);
#1520=ADVANCED_FACE('',(#199),#55,.F.);
#1521=ADVANCED_FACE('',(#200),#1451,.F.);
#1522=ADVANCED_FACE('',(#201),#56,.F.);
#1523=ADVANCED_FACE('',(#202),#57,.F.);
#1524=ADVANCED_FACE('',(#203),#58,.F.);
#1525=ADVANCED_FACE('',(#204),#59,.F.);
#1526=ADVANCED_FACE('',(#205),#60,.F.);
#1527=ADVANCED_FACE('',(#206),#1452,.F.);
#1528=ADVANCED_FACE('',(#207),#61,.F.);
#1529=ADVANCED_FACE('',(#208),#62,.F.);
#1530=ADVANCED_FACE('',(#209),#1453,.F.);
#1531=ADVANCED_FACE('',(#210),#63,.F.);
#1532=ADVANCED_FACE('',(#211),#64,.F.);
#1533=ADVANCED_FACE('',(#212),#65,.F.);
#1534=ADVANCED_FACE('',(#213,#88,#89,#90),#1454,.T.);
#1535=ADVANCED_FACE('',(#214),#1455,.T.);
#1536=ADVANCED_FACE('',(#215),#1456,.T.);
#1537=ADVANCED_FACE('',(#216),#1457,.T.);
#1538=ADVANCED_FACE('',(#217),#1458,.T.);
#1539=ADVANCED_FACE('',(#218),#1459,.T.);
#1540=ADVANCED_FACE('',(#219),#1460,.T.);
#1541=ADVANCED_FACE('',(#220),#1461,.T.);
#1542=ADVANCED_FACE('',(#221),#27,.F.);
#1543=ADVANCED_FACE('',(#222,#91),#1462,.T.);
#1544=ADVANCED_FACE('',(#223),#28,.F.);
#1545=ADVANCED_FACE('',(#224),#1463,.T.);
#1546=ADVANCED_FACE('',(#225),#1464,.T.);
#1547=ADVANCED_FACE('',(#226),#1465,.T.);
#1548=ADVANCED_FACE('',(#227),#29,.T.);
#1549=ADVANCED_FACE('',(#228),#1466,.T.);
#1550=ADVANCED_FACE('',(#229),#1467,.T.);
#1551=ADVANCED_FACE('',(#230),#30,.T.);
#1552=ADVANCED_FACE('',(#231),#31,.T.);
#1553=ADVANCED_FACE('',(#232),#1468,.T.);
#1554=ADVANCED_FACE('',(#233),#1469,.T.);
#1555=ADVANCED_FACE('',(#234),#32,.T.);
#1556=ADVANCED_FACE('',(#235),#1470,.T.);
#1557=ADVANCED_FACE('',(#236,#92),#1471,.F.);
#1558=ADVANCED_FACE('',(#237),#33,.F.);
#1559=ADVANCED_FACE('',(#238,#93),#1472,.F.);
#1560=ADVANCED_FACE('',(#239),#34,.F.);
#1561=ADVANCED_FACE('',(#240),#1473,.F.);
#1562=ADVANCED_FACE('',(#241),#35,.F.);
#1563=ADVANCED_FACE('',(#242),#1474,.F.);
#1564=ADVANCED_FACE('',(#243),#36,.F.);
#1565=CLOSED_SHELL('',(#1475,#1476,#1477,#1478,#1479,#1480,#1481,#1482,
#1483,#1484,#1485,#1486,#1487,#1488,#1489,#1490,#1491,#1492,#1493,#1494,
#1495,#1496,#1497,#1498,#1499,#1500,#1501,#1502,#1503,#1504,#1505,#1506,
#1507,#1508,#1509,#1510,#1511,#1512,#1513,#1514,#1515,#1516,#1517,#1518,
#1519,#1520,#1521,#1522,#1523,#1524,#1525,#1526,#1527,#1528,#1529,#1530,
#1531,#1532,#1533,#1534,#1535,#1536,#1537,#1538,#1539,#1540,#1541,#1542,
#1543,#1544,#1545,#1546,#1547,#1548,#1549,#1550,#1551,#1552,#1553,#1554,
#1555,#1556,#1557,#1558,#1559,#1560,#1561,#1562,#1563,#1564));
#1566=DERIVED_UNIT_ELEMENT(#1568,1.);
#1567=DERIVED_UNIT_ELEMENT(#2828,-3.);
#1568=(
MASS_UNIT()
NAMED_UNIT(*)
SI_UNIT(.KILO.,.GRAM.)
);
#1569=DERIVED_UNIT((#1566,#1567));
#1570=MEASURE_REPRESENTATION_ITEM('density measure',
POSITIVE_RATIO_MEASURE(7850.),#1569);
#1571=PROPERTY_DEFINITION_REPRESENTATION(#1576,#1573);
#1572=PROPERTY_DEFINITION_REPRESENTATION(#1577,#1574);
#1573=REPRESENTATION('material name',(#1575),#2825);
#1574=REPRESENTATION('density',(#1570),#2825);
#1575=DESCRIPTIVE_REPRESENTATION_ITEM('Steel','Steel');
#1576=PROPERTY_DEFINITION('material property','material name',#2850);
#1577=PROPERTY_DEFINITION('material property','density of part',#2850);
#1578=AXIS2_PLACEMENT_3D('',#1983,#1666,#1667);
#1579=AXIS2_PLACEMENT_3D('',#1984,#1668,#1669);
#1580=AXIS2_PLACEMENT_3D('',#1985,#1670,#1671);
#1581=AXIS2_PLACEMENT_3D('',#1986,#1672,#1673);
#1582=AXIS2_PLACEMENT_3D('',#1987,#1674,#1675);
#1583=AXIS2_PLACEMENT_3D('',#1996,#1680,#1681);
#1584=AXIS2_PLACEMENT_3D('',#2004,#1686,#1687);
#1585=AXIS2_PLACEMENT_3D('',#2014,#1693,#1694);
#1586=AXIS2_PLACEMENT_3D('',#2022,#1699,#1700);
#1587=AXIS2_PLACEMENT_3D('',#2030,#1705,#1706);
#1588=AXIS2_PLACEMENT_3D('',#2038,#1711,#1712);
#1589=AXIS2_PLACEMENT_3D('',#2044,#1716,#1717);
#1590=AXIS2_PLACEMENT_3D('',#2048,#1719,#1720);
#1591=AXIS2_PLACEMENT_3D('',#2050,#1722,#1723);
#1592=AXIS2_PLACEMENT_3D('',#2058,#1728,#1729);
#1593=AXIS2_PLACEMENT_3D('',#2167,#1742,#1743);
#1594=AXIS2_PLACEMENT_3D('',#2173,#1747,#1748);
#1595=AXIS2_PLACEMENT_3D('',#2179,#1752,#1753);
#1596=AXIS2_PLACEMENT_3D('',#2181,#1754,#1755);
#1597=AXIS2_PLACEMENT_3D('',#2183,#1757,#1758);
#1598=AXIS2_PLACEMENT_3D('',#2185,#1760,#1761);
#1599=AXIS2_PLACEMENT_3D('',#2193,#1766,#1767);
#1600=AXIS2_PLACEMENT_3D('',#2197,#1770,#1771);
#1601=AXIS2_PLACEMENT_3D('',#2205,#1776,#1777);
#1602=AXIS2_PLACEMENT_3D('',#2210,#1780,#1781);
#1603=AXIS2_PLACEMENT_3D('',#2212,#1782,#1783);
#1604=AXIS2_PLACEMENT_3D('',#2213,#1784,#1785);
#1605=AXIS2_PLACEMENT_3D('',#2217,#1788,#1789);
#1606=AXIS2_PLACEMENT_3D('',#2220,#1792,#1793);
#1607=AXIS2_PLACEMENT_3D('',#2223,#1795,#1796);
#1608=AXIS2_PLACEMENT_3D('',#2225,#1797,#1798);
#1609=AXIS2_PLACEMENT_3D('',#2226,#1799,#1800);
#1610=AXIS2_PLACEMENT_3D('',#2227,#1801,#1802);
#1611=AXIS2_PLACEMENT_3D('',#2231,#1805,#1806);
#1612=AXIS2_PLACEMENT_3D('',#2233,#1807,#1808);
#1613=AXIS2_PLACEMENT_3D('',#2468,#1824,#1825);
#1614=AXIS2_PLACEMENT_3D('',#2487,#1830,#1831);
#1615=AXIS2_PLACEMENT_3D('',#2547,#1838,#1839);
#1616=AXIS2_PLACEMENT_3D('',#2579,#1844,#1845);
#1617=AXIS2_PLACEMENT_3D('',#2653,#1853,#1854);
#1618=AXIS2_PLACEMENT_3D('',#2685,#1859,#1860);
#1619=AXIS2_PLACEMENT_3D('',#2729,#1865,#1866);
#1620=AXIS2_PLACEMENT_3D('',#2730,#1867,#1868);
#1621=AXIS2_PLACEMENT_3D('',#2731,#1869,#1870);
#1622=AXIS2_PLACEMENT_3D('',#2732,#1871,#1872);
#1623=AXIS2_PLACEMENT_3D('',#2735,#1875,#1876);
#1624=AXIS2_PLACEMENT_3D('',#2737,#1878,#1879);
#1625=AXIS2_PLACEMENT_3D('',#2738,#1880,#1881);
#1626=AXIS2_PLACEMENT_3D('',#2742,#1884,#1885);
#1627=AXIS2_PLACEMENT_3D('',#2743,#1886,#1887);
#1628=AXIS2_PLACEMENT_3D('',#2746,#1889,#1890);
#1629=AXIS2_PLACEMENT_3D('',#2747,#1891,#1892);
#1630=AXIS2_PLACEMENT_3D('',#2749,#1893,#1894);
#1631=AXIS2_PLACEMENT_3D('',#2750,#1895,#1896);
#1632=AXIS2_PLACEMENT_3D('',#2753,#1898,#1899);
#1633=AXIS2_PLACEMENT_3D('',#2754,#1900,#1901);
#1634=AXIS2_PLACEMENT_3D('',#2755,#1902,#1903);
#1635=AXIS2_PLACEMENT_3D('',#2757,#1905,#1906);
#1636=AXIS2_PLACEMENT_3D('',#2761,#1909,#1910);
#1637=AXIS2_PLACEMENT_3D('',#2763,#1911,#1912);
#1638=AXIS2_PLACEMENT_3D('',#2765,#1914,#1915);
#1639=AXIS2_PLACEMENT_3D('',#2769,#1918,#1919);
#1640=AXIS2_PLACEMENT_3D('',#2773,#1922,#1923);
#1641=AXIS2_PLACEMENT_3D('',#2774,#1924,#1925);
#1642=AXIS2_PLACEMENT_3D('',#2775,#1926,#1927);
#1643=AXIS2_PLACEMENT_3D('',#2777,#1928,#1929);
#1644=AXIS2_PLACEMENT_3D('',#2779,#1931,#1932);
#1645=AXIS2_PLACEMENT_3D('',#2783,#1935,#1936);
#1646=AXIS2_PLACEMENT_3D('',#2787,#1939,#1940);
#1647=AXIS2_PLACEMENT_3D('',#2788,#1941,#1942);
#1648=AXIS2_PLACEMENT_3D('',#2789,#1943,#1944);
#1649=AXIS2_PLACEMENT_3D('',#2790,#1945,#1946);
#1650=AXIS2_PLACEMENT_3D('',#2792,#1947,#1948);
#1651=AXIS2_PLACEMENT_3D('',#2794,#1949,#1950);
#1652=AXIS2_PLACEMENT_3D('',#2795,#1951,#1952);
#1653=AXIS2_PLACEMENT_3D('',#2797,#1954,#1955);
#1654=AXIS2_PLACEMENT_3D('',#2799,#1956,#1957);
#1655=AXIS2_PLACEMENT_3D('',#2801,#1958,#1959);
#1656=AXIS2_PLACEMENT_3D('',#2802,#1960,#1961);
#1657=AXIS2_PLACEMENT_3D('',#2804,#1963,#1964);
#1658=AXIS2_PLACEMENT_3D('',#2806,#1965,#1966);
#1659=AXIS2_PLACEMENT_3D('',#2807,#1967,#1968);
#1660=AXIS2_PLACEMENT_3D('',#2809,#1970,#1971);
#1661=AXIS2_PLACEMENT_3D('',#2811,#1972,#1973);
#1662=AXIS2_PLACEMENT_3D('',#2812,#1974,#1975);
#1663=AXIS2_PLACEMENT_3D('',#2814,#1977,#1978);
#1664=AXIS2_PLACEMENT_3D('',#2815,#1979,#1980);
#1665=AXIS2_PLACEMENT_3D('',#2816,#1981,#1982);
#1666=DIRECTION('axis',(0.,0.,1.));
#1667=DIRECTION('refdir',(1.,0.,0.));
#1668=DIRECTION('axis',(0.,0.,1.));
#1669=DIRECTION('refdir',(1.,0.,0.));
#1670=DIRECTION('axis',(0.,0.,1.));
#1671=DIRECTION('refdir',(1.,0.,0.));
#1672=DIRECTION('axis',(0.,0.,1.));
#1673=DIRECTION('refdir',(1.,0.,0.));
#1674=DIRECTION('center_axis',(0.412952478325557,0.573994991829006,-0.707106781186547));
#1675=DIRECTION('ref_axis',(-0.86352711025155,0.,-0.504302419050919));
#1676=DIRECTION('',(-0.811751502178814,0.584002995463585,-3.21253167417678E-17));
#1677=DIRECTION('',(-0.664804296100255,-0.340691202958471,-0.664804296100255));
#1678=DIRECTION('',(0.811751502178813,-0.584002995463585,3.21253167417678E-17));
#1679=DIRECTION('',(-0.664804296100277,-0.340691202958387,-0.664804296100275));
#1680=DIRECTION('center_axis',(0.707106781186547,-5.11986671309927E-17,
-0.707106781186548));
#1681=DIRECTION('ref_axis',(-0.707106781186548,0.,-0.707106781186547));
#1682=DIRECTION('',(1.29655872833923E-33,-1.,7.24058494320754E-17));
#1683=DIRECTION('',(-0.577350269189626,-0.577350269189627,-0.577350269189625));
#1684=DIRECTION('',(-0.577350269189627,0.577350269189625,-0.577350269189625));
#1685=DIRECTION('',(-1.29655872833923E-33,1.,-7.24058494320754E-17));
#1686=DIRECTION('center_axis',(-1.25160423952151E-17,-7.24058494320754E-17,
-1.));
#1687=DIRECTION('ref_axis',(1.29655872833923E-33,-1.,7.24058494320754E-17));
#1688=DIRECTION('',(0.,1.,-7.24058494320754E-17));
#1689=DIRECTION('',(1.,0.,-1.25160423952151E-17));
#1690=DIRECTION('',(0.371390676354104,-0.928476690885259,6.25788020309941E-17));
#1691=DIRECTION('',(0.,-1.,7.24058494320754E-17));
#1692=DIRECTION('',(-1.,0.,1.25160423952151E-17));
#1693=DIRECTION('center_axis',(-8.85017845127492E-18,-0.707106781186548,
-0.707106781186548));
#1694=DIRECTION('ref_axis',(-1.,0.,1.25160423952151E-17));
#1695=DIRECTION('',(-0.577350269189624,-0.577350269189625,0.577350269189628));
#1696=DIRECTION('',(-1.,0.,1.25160423952151E-17));
#1697=DIRECTION('',(-0.513421648784308,0.606794120999703,-0.606794120999702));
#1698=DIRECTION('',(0.431803211875143,0.637787576789604,-0.637787576789604));
#1699=DIRECTION('center_axis',(0.707106781186548,-0.707106781186547,-1.26620359571272E-17));
#1700=DIRECTION('ref_axis',(-1.79068229778251E-17,0.,-1.));
#1701=DIRECTION('',(1.79068229778251E-17,0.,1.));
#1702=DIRECTION('',(0.577350269189627,0.577350269189627,-0.577350269189624));
#1703=DIRECTION('',(0.577350269189625,0.577350269189625,0.577350269189628));
#1704=DIRECTION('',(-1.79068229778251E-17,0.,-1.));
#1705=DIRECTION('center_axis',(0.707106781186546,6.82648895079904E-17,0.707106781186549));
#1706=DIRECTION('ref_axis',(0.707106781186549,0.,-0.707106781186546));
#1707=DIRECTION('',(1.72874497111898E-33,-1.,9.65411325761006E-17));
#1708=DIRECTION('',(0.577350269189628,-0.577350269189625,-0.577350269189625));
#1709=DIRECTION('',(-1.72874497111898E-33,1.,-9.65411325761006E-17));
#1710=DIRECTION('',(-0.664804296100279,-0.340691202958387,0.664804296100273));
#1711=DIRECTION('center_axis',(0.412952478325557,0.573994991829005,0.707106781186548));
#1712=DIRECTION('ref_axis',(0.86352711025155,0.,-0.504302419050918));
#1713=DIRECTION('',(-0.811751502178814,0.584002995463585,-4.62203943942402E-17));
#1714=DIRECTION('',(-0.222230400834265,-0.689424995537967,0.68942499553796));
#1715=DIRECTION('',(0.811751502178814,-0.584002995463585,4.62203943942402E-17));
#1716=DIRECTION('center_axis',(8.85017845127496E-18,0.707106781186544,0.707106781186551));
#1717=DIRECTION('ref_axis',(1.,0.,-1.25160423952151E-17));
#1718=DIRECTION('',(-1.,0.,1.25160423952151E-17));
#1719=DIRECTION('center_axis',(8.85017845127496E-18,0.707106781186544,0.707106781186551));
#1720=DIRECTION('ref_axis',(0.,-0.707106781186551,0.707106781186544));
#1721=DIRECTION('',(1.,0.,-1.25160423952151E-17));
#1722=DIRECTION('center_axis',(8.85017845127492E-18,-0.707106781186548,
0.707106781186548));
#1723=DIRECTION('ref_axis',(1.,0.,-1.25160423952151E-17));
#1724=DIRECTION('',(-1.,0.,1.25160423952151E-17));
#1725=DIRECTION('',(0.431803211875151,0.637787576789602,0.637787576789602));
#1726=DIRECTION('',(-0.72229993246572,0.489020862315718,0.489020862315718));
#1727=DIRECTION('',(1.,0.,-1.25160423952151E-17));
#1728=DIRECTION('center_axis',(1.25160423952151E-17,9.65411325761006E-17,
1.));
#1729=DIRECTION('ref_axis',(-1.72874497111898E-33,1.,-9.65411325761006E-17));
#1730=DIRECTION('',(0.,1.,0.));
#1731=DIRECTION('',(1.,0.,2.52323414687535E-15));
#1732=DIRECTION('',(0.,1.,0.));
#1733=DIRECTION('',(1.,0.,-1.25160423952151E-17));
#1734=DIRECTION('',(0.,1.,-9.65411325761006E-17));
#1735=DIRECTION('',(-0.189107521154949,0.981956386731422,-9.24323039633576E-17));
#1736=DIRECTION('',(-0.371390676354104,0.928476690885259,-8.49878498581374E-17));
#1737=DIRECTION('',(-1.,0.,1.25160423952151E-17));
#1738=DIRECTION('',(1.,9.91990300795614E-15,-1.25160423952161E-17));
#1739=DIRECTION('',(1.,0.,-1.25160423952151E-17));
#1740=DIRECTION('',(1.,0.,-1.25160423952151E-17));
#1741=DIRECTION('',(1.,0.,-1.25160423952151E-17));
#1742=DIRECTION('center_axis',(-0.656532164298613,-0.262612865719445,0.707106781186547));
#1743=DIRECTION('ref_axis',(0.73282810879294,0.,0.680413817439772));
#1744=DIRECTION('',(0.371390676354104,-0.928476690885259,8.49878498581374E-17));
#1745=DIRECTION('',(0.72229993246572,-0.489020862315718,0.489020862315717));
#1746=DIRECTION('',(-0.68004324760192,-0.199516548878698,-0.705502890224107));
#1747=DIRECTION('center_axis',(-0.707106781186548,6.82648895079902E-17,
0.707106781186548));
#1748=DIRECTION('ref_axis',(0.707106781186548,0.,0.707106781186548));
#1749=DIRECTION('',(-0.577350269189628,0.577350269189628,-0.577350269189622));
#1750=DIRECTION('',(0.,-1.,9.65411325761006E-17));
#1751=DIRECTION('',(0.705502890224145,0.0673152565972771,0.705502890224145));
#1752=DIRECTION('center_axis',(8.85017845127496E-18,0.707106781186544,0.707106781186551));
#1753=DIRECTION('ref_axis',(1.,0.,-1.25160423952151E-17));
#1754=DIRECTION('center_axis',(8.85017845127496E-18,0.707106781186544,0.707106781186551));
#1755=DIRECTION('ref_axis',(3.92523114670941E-15,-0.707106781186551,0.707106781186544));
#1756=DIRECTION('',(-1.,0.,1.25160423952151E-17));
#1757=DIRECTION('center_axis',(-0.694348019887234,-0.133719210582044,0.707106781186542));
#1758=DIRECTION('ref_axis',(0.713514671284593,0.,0.700640288494488));
#1759=DIRECTION('',(0.189107521154949,-0.981956386731422,9.24323039633576E-17));
#1760=DIRECTION('center_axis',(-0.928476690885259,-0.371390676354104,0.));
#1761=DIRECTION('ref_axis',(0.,0.,1.));
#1762=DIRECTION('',(0.,0.,1.));
#1763=DIRECTION('',(-0.371390676354104,0.928476690885259,-6.25788020309941E-17));
#1764=DIRECTION('',(-0.225017580185205,0.562543950463012,-0.79555728417573));
#1765=DIRECTION('',(0.,0.,-1.));
#1766=DIRECTION('center_axis',(-0.981956386731422,-0.189107521154949,0.));
#1767=DIRECTION('ref_axis',(0.,0.,1.));
#1768=DIRECTION('',(0.,0.,-1.));
#1769=DIRECTION('',(0.189107521154949,-0.981956386731422,-7.06639724296137E-16));
#1770=DIRECTION('center_axis',(1.,0.,0.));
#1771=DIRECTION('ref_axis',(0.,0.,-1.));
#1772=DIRECTION('',(0.,0.,1.));
#1773=DIRECTION('',(0.,1.,0.));
#1774=DIRECTION('',(0.,0.,1.));
#1775=DIRECTION('',(0.,1.,-7.24058494320754E-17));
#1776=DIRECTION('center_axis',(0.,1.,0.));
#1777=DIRECTION('ref_axis',(0.,0.,1.));
#1778=DIRECTION('',(0.,0.,-1.));
#1779=DIRECTION('',(-1.,0.,-8.25602826302244E-17));
#1780=DIRECTION('center_axis',(0.,-1.,0.));
#1781=DIRECTION('ref_axis',(-1.,0.,2.77555756156289E-15));
#1782=DIRECTION('center_axis',(0.,-1.,0.));
#1783=DIRECTION('ref_axis',(-1.,0.,0.));
#1784=DIRECTION('center_axis',(-0.560628809305185,-0.828067230469272,0.));
#1785=DIRECTION('ref_axis',(0.,0.,1.));
#1786=DIRECTION('',(0.806604252480623,-0.546097665756489,0.226201059536618));
#1787=DIRECTION('',(0.,0.,1.));
#1788=DIRECTION('center_axis',(-0.413148237644372,-0.794547942455155,-0.444974269898417));
#1789=DIRECTION('ref_axis',(-0.732828108792936,0.,0.680413817439776));
#1790=DIRECTION('',(0.732828108792936,-1.45779425042262E-17,-0.680413817439776));
#1791=DIRECTION('',(-0.732828108792936,0.,0.680413817439776));
#1792=DIRECTION('center_axis',(-1.,2.43870103740498E-50,1.79068229778251E-17));
#1793=DIRECTION('ref_axis',(1.79068229778251E-17,0.,1.));
#1794=DIRECTION('',(1.79068229778251E-17,-5.69414636637306E-33,1.));
#1795=DIRECTION('center_axis',(1.,-2.43870103740498E-50,-1.79068229778251E-17));
#1796=DIRECTION('ref_axis',(1.79068229778251E-17,-4.36693877726494E-67,
1.));
#1797=DIRECTION('center_axis',(1.,-2.43870103740498E-50,-1.79068229778251E-17));
#1798=DIRECTION('ref_axis',(1.79068229778251E-17,-4.36693877726494E-67,
1.));
#1799=DIRECTION('center_axis',(0.,-1.,0.));
#1800=DIRECTION('ref_axis',(1.79068229778251E-17,0.,1.));
#1801=DIRECTION('center_axis',(0.584002995463585,0.811751502178814,-1.0457638258286E-17));
#1802=DIRECTION('ref_axis',(-1.79068229778251E-17,1.29329984396578E-32,
-1.));
#1803=DIRECTION('',(1.79068229778251E-17,0.,1.));
#1804=DIRECTION('',(1.79068229778251E-17,0.,1.));
#1805=DIRECTION('center_axis',(0.,1.,0.));
#1806=DIRECTION('ref_axis',(0.,0.,1.));
#1807=DIRECTION('center_axis',(0.,-1.,0.));
#1808=DIRECTION('ref_axis',(0.,0.,1.));
#1809=DIRECTION('',(-1.,0.,-8.25602826302244E-17));
#1810=DIRECTION('',(0.,0.,1.));
#1811=DIRECTION('',(0.,0.,1.));
#1812=DIRECTION('',(0.,0.,1.));
#1813=DIRECTION('',(0.,0.,1.));
#1814=DIRECTION('',(0.,0.,1.));
#1815=DIRECTION('',(0.,0.,1.));
#1816=DIRECTION('',(0.,0.,1.));
#1817=DIRECTION('',(0.,0.,1.));
#1818=DIRECTION('',(0.,0.,1.));
#1819=DIRECTION('',(0.,0.,1.));
#1820=DIRECTION('',(0.,0.,1.));
#1821=DIRECTION('',(0.,0.,1.));
#1822=DIRECTION('',(0.,0.,1.));
#1823=DIRECTION('',(0.,0.,1.));
#1824=DIRECTION('center_axis',(0.,-1.,0.));
#1825=DIRECTION('ref_axis',(1.,0.,-1.25160423952151E-17));
#1826=DIRECTION('',(-1.,0.,1.25160423952151E-17));
#1827=DIRECTION('',(-1.,0.,1.25160423952151E-17));
#1828=DIRECTION('',(0.,0.,1.));
#1829=DIRECTION('',(0.,0.,1.));
#1830=DIRECTION('center_axis',(0.,-1.,0.));
#1831=DIRECTION('ref_axis',(1.,0.,-1.25160423952151E-17));
#1832=DIRECTION('',(-1.,0.,1.25160423952151E-17));
#1833=DIRECTION('',(0.,0.,1.));
#1834=DIRECTION('',(0.,0.,1.));
#1835=DIRECTION('',(0.,0.,1.));
#1836=DIRECTION('',(0.,0.,1.));
#1837=DIRECTION('',(0.,0.,1.));
#1838=DIRECTION('center_axis',(-9.91990300795614E-15,1.,0.));
#1839=DIRECTION('ref_axis',(-1.,-9.91990300795614E-15,1.2516042395216E-17));
#1840=DIRECTION('',(1.,9.91990300795614E-15,-1.2516042395216E-17));
#1841=DIRECTION('',(0.,0.,1.));
#1842=DIRECTION('',(0.,0.,1.));
#1843=DIRECTION('',(0.,0.,1.));
#1844=DIRECTION('center_axis',(0.,1.,0.));
#1845=DIRECTION('ref_axis',(-1.,0.,1.25160423952151E-17));
#1846=DIRECTION('',(1.,0.,-1.25160423952151E-17));
#1847=DIRECTION('',(0.,0.,1.));
#1848=DIRECTION('',(0.,0.,1.));
#1849=DIRECTION('',(0.,0.,1.));
#1850=DIRECTION('',(0.,0.,1.));
#1851=DIRECTION('',(0.,0.,1.));
#1852=DIRECTION('',(0.,0.,1.));
#1853=DIRECTION('center_axis',(0.,1.,0.));
#1854=DIRECTION('ref_axis',(-1.,0.,1.25160423952151E-17));
#1855=DIRECTION('',(1.,0.,-1.25160423952151E-17));
#1856=DIRECTION('',(0.,0.,1.));
#1857=DIRECTION('',(0.,0.,1.));
#1858=DIRECTION('',(0.,0.,1.));
#1859=DIRECTION('center_axis',(0.,1.,0.));
#1860=DIRECTION('ref_axis',(-1.,0.,1.25160423952151E-17));
#1861=DIRECTION('',(1.,0.,-1.25160423952151E-17));
#1862=DIRECTION('',(0.,0.,1.));
#1863=DIRECTION('',(0.,0.,1.));
#1864=DIRECTION('',(0.,0.,1.));
#1865=DIRECTION('center_axis',(1.25160423952151E-17,9.65411325761006E-17,
1.));
#1866=DIRECTION('ref_axis',(1.,-2.76670302432746E-50,-1.25160423952151E-17));
#1867=DIRECTION('center_axis',(1.25160423952151E-17,9.65411325761006E-17,
1.));
#1868=DIRECTION('ref_axis',(-1.72874497111898E-33,1.,-9.65411325761006E-17));
#1869=DIRECTION('center_axis',(1.25160423952151E-17,9.65411325761006E-17,
1.));
#1870=DIRECTION('ref_axis',(-1.72874497111898E-33,1.,-9.65411325761006E-17));
#1871=DIRECTION('center_axis',(-0.755868985430086,-0.145567065996064,-0.638335574883767));
#1872=DIRECTION('ref_axis',(-0.645208082189117,-5.16588721068407E-17,0.764006891773786));
#1873=DIRECTION('',(0.386011593908533,0.688411373546562,-0.614072332986864));
#1874=DIRECTION('',(-0.614072332986839,0.495812807136123,0.614072332986839));
#1875=DIRECTION('center_axis',(-0.707106781186548,-5.11986671309927E-17,
-0.707106781186548));
#1876=DIRECTION('ref_axis',(-0.707106781186548,9.29279601759994E-34,0.707106781186548));
#1877=DIRECTION('',(0.577350269189626,-0.577350269189626,-0.577350269189626));
#1878=DIRECTION('center_axis',(-0.656532164298617,-0.262612865719447,-0.707106781186543));
#1879=DIRECTION('ref_axis',(-0.732828108792936,1.43080264863606E-16,0.680413817439776));
#1880=DIRECTION('center_axis',(-8.85017845127487E-18,0.707106781186548,
-0.707106781186548));
#1881=DIRECTION('ref_axis',(-1.,4.15211792165648E-32,1.25160423952151E-17));
#1882=DIRECTION('',(1.,0.,-1.25160423952151E-17));
#1883=DIRECTION('',(0.577350269189626,0.577350269189626,0.577350269189626));
#1884=DIRECTION('center_axis',(1.25160423952151E-17,9.65411325761006E-17,
1.));
#1885=DIRECTION('ref_axis',(-1.72874497111898E-33,1.,-9.65411325761006E-17));
#1886=DIRECTION('center_axis',(0.,-1.,0.));
#1887=DIRECTION('ref_axis',(-1.,0.,0.));
#1888=DIRECTION('',(0.,-1.,0.));
#1889=DIRECTION('center_axis',(0.,-1.,0.));
#1890=DIRECTION('ref_axis',(-1.,0.,0.));
#1891=DIRECTION('center_axis',(0.,1.,0.));
#1892=DIRECTION('ref_axis',(-1.,0.,0.));
#1893=DIRECTION('center_axis',(0.,1.,0.));
#1894=DIRECTION('ref_axis',(-1.,0.,0.));
#1895=DIRECTION('center_axis',(0.,-1.,0.));
#1896=DIRECTION('ref_axis',(-1.,0.,0.));
#1897=DIRECTION('',(0.,-1.,0.));
#1898=DIRECTION('center_axis',(0.,-1.,0.));
#1899=DIRECTION('ref_axis',(-1.,0.,0.));
#1900=DIRECTION('center_axis',(0.,1.,0.));
#1901=DIRECTION('ref_axis',(-1.,0.,0.));
#1902=DIRECTION('center_axis',(0.707106781186548,-5.11986671309927E-17,
-0.707106781186548));
#1903=DIRECTION('ref_axis',(-0.707106781186548,-9.29279601759994E-34,-0.707106781186548));
#1904=DIRECTION('',(0.,-1.,7.24058494320754E-17));
#1905=DIRECTION('center_axis',(1.,0.,0.));
#1906=DIRECTION('ref_axis',(0.,0.,-1.));
#1907=DIRECTION('',(0.,0.,-1.));
#1908=DIRECTION('',(0.,1.,0.));
#1909=DIRECTION('center_axis',(0.,1.,0.));
#1910=DIRECTION('ref_axis',(0.,0.,1.));
#1911=DIRECTION('center_axis',(0.,1.,0.));
#1912=DIRECTION('ref_axis',(0.,0.,1.));
#1913=DIRECTION('',(0.,1.,0.));
#1914=DIRECTION('center_axis',(-8.25602826302244E-17,0.,1.));
#1915=DIRECTION('ref_axis',(1.,0.,8.25602826302244E-17));
#1916=DIRECTION('',(1.,0.,8.25602826302244E-17));
#1917=DIRECTION('',(0.,1.,0.));
#1918=DIRECTION('center_axis',(1.,0.,0.));
#1919=DIRECTION('ref_axis',(0.,0.,-1.));
#1920=DIRECTION('',(0.,0.,-1.));
#1921=DIRECTION('',(0.,1.,0.));
#1922=DIRECTION('center_axis',(0.,1.,0.));
#1923=DIRECTION('ref_axis',(0.,0.,1.));
#1924=DIRECTION('center_axis',(0.,1.,0.));
#1925=DIRECTION('ref_axis',(0.,0.,1.));
#1926=DIRECTION('center_axis',(0.,1.,0.));
#1927=DIRECTION('ref_axis',(-1.,0.,5.55111512312578E-15));
#1928=DIRECTION('center_axis',(0.,1.,0.));
#1929=DIRECTION('ref_axis',(-1.,0.,5.55111512312578E-15));
#1930=DIRECTION('',(0.,1.,0.));
#1931=DIRECTION('center_axis',(-1.,0.,0.));
#1932=DIRECTION('ref_axis',(0.,0.,1.));
#1933=DIRECTION('',(0.,0.,1.));
#1934=DIRECTION('',(0.,1.,0.));
#1935=DIRECTION('center_axis',(-8.25602826302244E-17,0.,1.));
#1936=DIRECTION('ref_axis',(1.,0.,8.25602826302244E-17));
#1937=DIRECTION('',(1.,0.,8.25602826302244E-17));
#1938=DIRECTION('',(0.,1.,0.));
#1939=DIRECTION('center_axis',(0.,1.,0.));
#1940=DIRECTION('ref_axis',(-1.,0.,2.77555756156289E-15));
#1941=DIRECTION('center_axis',(0.,1.,0.));
#1942=DIRECTION('ref_axis',(-1.,0.,2.77555756156289E-15));
#1943=DIRECTION('center_axis',(0.,1.,0.));
#1944=DIRECTION('ref_axis',(-1.,0.,0.));
#1945=DIRECTION('center_axis',(-1.,0.,1.79068229778251E-17));
#1946=DIRECTION('ref_axis',(1.79068229778251E-17,0.,1.));
#1947=DIRECTION('center_axis',(1.,0.,-1.79068229778251E-17));
#1948=DIRECTION('ref_axis',(1.79068229778251E-17,0.,1.));
#1949=DIRECTION('center_axis',(-1.,0.,1.79068229778251E-17));
#1950=DIRECTION('ref_axis',(1.79068229778251E-17,0.,1.));
#1951=DIRECTION('center_axis',(-1.,0.,0.));
#1952=DIRECTION('ref_axis',(0.,0.,1.));
#1953=DIRECTION('',(-1.,0.,0.));
#1954=DIRECTION('center_axis',(-1.,0.,1.79068229778251E-17));
#1955=DIRECTION('ref_axis',(1.79068229778251E-17,0.,1.));
#1956=DIRECTION('center_axis',(1.,0.,-1.79068229778251E-17));
#1957=DIRECTION('ref_axis',(1.79068229778251E-17,0.,1.));
#1958=DIRECTION('center_axis',(-1.,0.,1.79068229778251E-17));
#1959=DIRECTION('ref_axis',(1.79068229778251E-17,0.,1.));
#1960=DIRECTION('center_axis',(-1.,0.,0.));
#1961=DIRECTION('ref_axis',(0.,0.,1.));
#1962=DIRECTION('',(-1.,0.,0.));
#1963=DIRECTION('center_axis',(-1.,0.,1.79068229778251E-17));
#1964=DIRECTION('ref_axis',(1.79068229778251E-17,0.,1.));
#1965=DIRECTION('center_axis',(-1.,0.,1.79068229778251E-17));
#1966=DIRECTION('ref_axis',(1.79068229778251E-17,0.,1.));
#1967=DIRECTION('center_axis',(-1.,0.,0.));
#1968=DIRECTION('ref_axis',(0.,0.,1.));
#1969=DIRECTION('',(-1.,0.,0.));
#1970=DIRECTION('center_axis',(-1.,0.,1.79068229778251E-17));
#1971=DIRECTION('ref_axis',(1.79068229778251E-17,0.,1.));
#1972=DIRECTION('center_axis',(-1.,0.,1.79068229778251E-17));
#1973=DIRECTION('ref_axis',(1.79068229778251E-17,0.,1.));
#1974=DIRECTION('center_axis',(-1.,0.,0.));
#1975=DIRECTION('ref_axis',(0.,0.,1.));
#1976=DIRECTION('',(-1.,0.,0.));
#1977=DIRECTION('',(0.,0.,1.));
#1978=DIRECTION('',(1.,0.,0.));
#1979=DIRECTION('',(0.,0.,1.));
#1980=DIRECTION('',(1.,0.,0.));
#1981=DIRECTION('',(0.,0.,1.));
#1982=DIRECTION('',(1.,0.,0.));
#1983=CARTESIAN_POINT('',(0.,0.,0.));
#1984=CARTESIAN_POINT('',(0.,0.,0.));
#1985=CARTESIAN_POINT('',(0.,0.,0.));
#1986=CARTESIAN_POINT('',(0.,0.,0.));
#1987=CARTESIAN_POINT('Origin',(-5.84127018781855,26.9560373813646,4.4));
#1988=CARTESIAN_POINT('',(-0.399999999999998,22.7950126345712,4.2));
#1989=CARTESIAN_POINT('',(-27.5045772289603,42.2950126345712,4.2));
#1990=CARTESIAN_POINT('',(-5.95807078691127,26.7936870809288,4.2));
#1991=CARTESIAN_POINT('',(-27.1045772289603,42.5,4.6));
#1992=CARTESIAN_POINT('',(-25.4028029680208,43.3721055557617,6.30177426093952));
#1993=CARTESIAN_POINT('',(1.57177138687859E-15,23.,4.6));
#1994=CARTESIAN_POINT('',(-5.72446958872584,27.1183876818003,4.6));
#1995=CARTESIAN_POINT('',(1.57177138687859E-15,23.,4.6));
#1996=CARTESIAN_POINT('Origin',(-0.199999999999998,17.25,4.4));
#1997=CARTESIAN_POINT('',(1.7709847925069E-15,-4.6,4.6));
#1998=CARTESIAN_POINT('',(1.80411241501588E-15,17.25,4.6));
#1999=CARTESIAN_POINT('',(-0.199999999999999,-4.8,4.4));
#2000=CARTESIAN_POINT('',(3.81666666666667,-0.783333333333326,8.41666666666666));
#2001=CARTESIAN_POINT('',(-0.399999999999998,-4.6,4.2));
#2002=CARTESIAN_POINT('',(-3.84166666666667,-1.15833333333334,0.758333333333341));
#2003=CARTESIAN_POINT('',(-0.399999999999998,17.25,4.2));
#2004=CARTESIAN_POINT('Origin',(1.75845001642243E-15,23.,4.2));
#2005=CARTESIAN_POINT('',(-27.5045772289603,43.1,4.2));
#2006=CARTESIAN_POINT('',(-27.5045772289603,32.75,4.2));
#2007=CARTESIAN_POINT('',(-28.0041538540023,-4.6,4.2));
#2008=CARTESIAN_POINT('',(1.75845001642243E-15,-4.6,4.2));
#2009=CARTESIAN_POINT('',(-40.952,27.7696153649941,4.2));
#2010=CARTESIAN_POINT('',(-34.3554429775882,11.2782228089647,4.2));
#2011=CARTESIAN_POINT('',(-40.952,43.1,4.2));
#2012=CARTESIAN_POINT('',(-40.952,17.25,4.2));
#2013=CARTESIAN_POINT('',(-17.1141443072401,43.1,4.2));
#2014=CARTESIAN_POINT('Origin',(1.76095322490147E-15,-4.8,4.4));
#2015=CARTESIAN_POINT('',(-0.399999999999998,-5.,4.6));
#2016=CARTESIAN_POINT('',(1.75845001642243E-15,-4.6,4.2));
#2017=CARTESIAN_POINT('',(-27.6870895003052,-5.,4.6));
#2018=CARTESIAN_POINT('',(1.76345643338051E-15,-5.,4.6));
#2019=CARTESIAN_POINT('',(-28.0136590497732,-4.61403948745839,4.2140394874584));
#2020=CARTESIAN_POINT('',(-27.6870895003052,-5.,4.6));
#2021=CARTESIAN_POINT('',(-23.9092604224971,1.44829257186385,-1.84829257186385));
#2022=CARTESIAN_POINT('Origin',(-0.199999999999998,-4.8,6.45));
#2023=CARTESIAN_POINT('',(1.91782074092507E-15,-4.6,12.8));
#2024=CARTESIAN_POINT('',(1.80411241501588E-15,-4.6,6.45));
#2025=CARTESIAN_POINT('',(-0.199999999999997,-4.8,13.));
#2026=CARTESIAN_POINT('',(2.65000000000001,-1.94999999999999,10.15));
#2027=CARTESIAN_POINT('',(-0.399999999999998,-5.,12.8));
#2028=CARTESIAN_POINT('',(-0.399999999999998,-5.,12.8));
#2029=CARTESIAN_POINT('',(-0.399999999999998,-5.,6.45));
#2030=CARTESIAN_POINT('Origin',(-0.199999999999998,5.75,13.));
#2031=CARTESIAN_POINT('',(-0.399999999999998,22.7950126345712,13.2));
#2032=CARTESIAN_POINT('',(-0.399999999999998,-4.6,13.2));
#2033=CARTESIAN_POINT('',(-0.399999999999998,5.75,13.2));
#2034=CARTESIAN_POINT('',(-1.925,-3.075,14.725));
#2035=CARTESIAN_POINT('',(1.71860733529676E-15,23.,12.8));
#2036=CARTESIAN_POINT('',(1.94289029309402E-15,5.75,12.8));
#2037=CARTESIAN_POINT('',(1.71860733529676E-15,23.,12.8));
#2038=CARTESIAN_POINT('Origin',(-0.389519136106897,23.0338531461945,13.));
#2039=CARTESIAN_POINT('',(-27.1045772289603,42.5,12.8));
#2040=CARTESIAN_POINT('',(-0.27271853701418,23.1962034466303,12.8));
#2041=CARTESIAN_POINT('',(-27.2335138948906,42.1,13.2));
#2042=CARTESIAN_POINT('',(-27.1045772289603,42.5,12.8));
#2043=CARTESIAN_POINT('',(-0.506319735199614,22.8715028457587,13.2));
#2044=CARTESIAN_POINT('Origin',(1.91710821474381E-15,42.3,13.));
#2045=CARTESIAN_POINT('',(-31.7534881621829,42.5,12.8));
#2046=CARTESIAN_POINT('',(1.91460500626476E-15,42.5,12.8));
#2047=CARTESIAN_POINT('',(-32.1534881621829,42.1,13.2));
#2048=CARTESIAN_POINT('Origin',(-32.1534881621829,42.5,12.8));
#2049=CARTESIAN_POINT('',(1.91961142322285E-15,42.1,13.2));
#2050=CARTESIAN_POINT('Origin',(1.89284970212206E-15,-4.8,13.));
#2051=CARTESIAN_POINT('',(-28.0041538540023,-4.6,13.2));
#2052=CARTESIAN_POINT('',(1.8953529106011E-15,-4.6,13.2));
#2053=CARTESIAN_POINT('',(-28.1492451738439,-4.81430466182295,12.9856953381771));
#2054=CARTESIAN_POINT('',(-24.9046901053986,-0.0219898805645419,17.7780101194355));
#2055=CARTESIAN_POINT('',(-27.8749670385731,-5.,12.8));
#2056=CARTESIAN_POINT('',(-27.8749670385731,-5.,12.8));
#2057=CARTESIAN_POINT('',(1.89034649364302E-15,-5.,12.8));
#2058=CARTESIAN_POINT('Origin',(1.91961142322285E-15,0.,13.2));
#2059=CARTESIAN_POINT('',(-32.1534881621829,43.5,13.2));
#2060=CARTESIAN_POINT('',(-32.1534881621829,42.5,13.2));
#2061=CARTESIAN_POINT('',(-33.0334881621829,43.5,13.2));
#2062=CARTESIAN_POINT('',(-33.0334881621829,43.5,13.2));
#2063=CARTESIAN_POINT('',(-33.0334881621829,42.1,13.2));
#2064=CARTESIAN_POINT('',(-33.0334881621829,42.5,13.2));
#2065=CARTESIAN_POINT('',(-40.952,42.1,13.2));
#2066=CARTESIAN_POINT('',(1.91961142322285E-15,42.1,13.2));
#2067=CARTESIAN_POINT('',(-40.952,28.1307482325271,13.2));
#2068=CARTESIAN_POINT('',(-40.952,5.75,13.2));
#2069=CARTESIAN_POINT('',(-40.8178786200733,27.4343119151775,13.2));
#2070=CARTESIAN_POINT('',(-37.5743396131953,10.5919683427788,13.2));
#2071=CARTESIAN_POINT('',(-30.3899257362089,1.36442970551644,13.2));
#2072=CARTESIAN_POINT('',(-8.744,11.03,13.2));
#2073=CARTESIAN_POINT('',(-11.03,8.74400000000001,13.2));
#2074=CARTESIAN_POINT('Ctrl Pts',(-8.744,11.03,13.2));
#2075=CARTESIAN_POINT('Ctrl Pts',(-8.744,9.76635038757325,13.2));
#2076=CARTESIAN_POINT('Ctrl Pts',(-9.76635038757324,8.74400000000001,13.2));
#2077=CARTESIAN_POINT('Ctrl Pts',(-11.03,8.74400000000001,13.2));
#2078=CARTESIAN_POINT('',(-22.714,8.74400000000001,13.2));
#2079=CARTESIAN_POINT('',(-11.357,8.74400000000001,13.2));
#2080=CARTESIAN_POINT('',(-25.,11.03,13.2));
#2081=CARTESIAN_POINT('Ctrl Pts',(-22.714,8.74400000000001,13.2));
#2082=CARTESIAN_POINT('Ctrl Pts',(-23.9776499757767,8.74400000000001,13.2));
#2083=CARTESIAN_POINT('Ctrl Pts',(-25.,9.76635038757325,13.2));
#2084=CARTESIAN_POINT('Ctrl Pts',(-25.,11.03,13.2));
#2085=CARTESIAN_POINT('',(-23.0759500484467,13.2810748062134,13.2));
#2086=CARTESIAN_POINT('Ctrl Pts',(-25.,11.03,13.2));
#2087=CARTESIAN_POINT('Ctrl Pts',(-25.,12.1698248062134,13.2));
#2088=CARTESIAN_POINT('Ctrl Pts',(-24.1649750242233,13.1064498062134,13.2));
#2089=CARTESIAN_POINT('Ctrl Pts',(-23.0759500484467,13.2810748062134,13.2));
#2090=CARTESIAN_POINT('',(-23.984,15.094,13.2));
#2091=CARTESIAN_POINT('Ctrl Pts',(-23.0759500484467,13.2810748062134,13.2));
#2092=CARTESIAN_POINT('Ctrl Pts',(-23.6252250242233,13.697,13.2));
#2093=CARTESIAN_POINT('Ctrl Pts',(-23.984,14.3510501937866,13.2));
#2094=CARTESIAN_POINT('Ctrl Pts',(-23.984,15.094,13.2));
#2095=CARTESIAN_POINT('',(-21.698,17.38,13.2));
#2096=CARTESIAN_POINT('Ctrl Pts',(-23.984,15.094,13.2));
#2097=CARTESIAN_POINT('Ctrl Pts',(-23.984,16.3576496124268,13.2));
#2098=CARTESIAN_POINT('Ctrl Pts',(-22.9616500968933,17.38,13.2));
#2099=CARTESIAN_POINT('Ctrl Pts',(-21.698,17.38,13.2));
#2100=CARTESIAN_POINT('',(-21.2503250484467,17.38,13.2));
#2101=CARTESIAN_POINT('',(-10.6251625242234,17.3800000000001,13.2));
#2102=CARTESIAN_POINT('',(-21.952,18.904,13.2));
#2103=CARTESIAN_POINT('Ctrl Pts',(-21.2503250484467,17.38,13.2));
#2104=CARTESIAN_POINT('Ctrl Pts',(-21.6757750968933,17.7514749031067,13.2));
#2105=CARTESIAN_POINT('Ctrl Pts',(-21.952,18.2944000968933,13.2));
#2106=CARTESIAN_POINT('Ctrl Pts',(-21.952,18.904,13.2));
#2107=CARTESIAN_POINT('',(-19.92,20.936,13.2));
#2108=CARTESIAN_POINT('Ctrl Pts',(-21.952,18.904,13.2));
#2109=CARTESIAN_POINT('Ctrl Pts',(-21.952,20.0247750968933,13.2));
#2110=CARTESIAN_POINT('Ctrl Pts',(-21.0407750968933,20.936,13.2));
#2111=CARTESIAN_POINT('Ctrl Pts',(-19.92,20.936,13.2));
#2112=CARTESIAN_POINT('',(-19.412,20.936,13.2));
#2113=CARTESIAN_POINT('',(-9.706,20.936,13.2));
#2114=CARTESIAN_POINT('',(-16.872,23.476,13.2));
#2115=CARTESIAN_POINT('Ctrl Pts',(-19.412,20.936,13.2));
#2116=CARTESIAN_POINT('Ctrl Pts',(-18.0086500968933,20.936,13.2));
#2117=CARTESIAN_POINT('Ctrl Pts',(-16.872,22.0726500968933,13.2));
#2118=CARTESIAN_POINT('Ctrl Pts',(-16.872,23.476,13.2));
#2119=CARTESIAN_POINT('',(-17.3514251937866,24.952375,13.2));
#2120=CARTESIAN_POINT('Ctrl Pts',(-16.872,23.476,13.2));
#2121=CARTESIAN_POINT('Ctrl Pts',(-16.872,24.0284499878883,13.2));
#2122=CARTESIAN_POINT('Ctrl Pts',(-17.0529753875732,24.5364499878883,13.2));
#2123=CARTESIAN_POINT('Ctrl Pts',(-17.3514251937866,24.952375,13.2));
#2124=CARTESIAN_POINT('',(-16.872,25.,13.2));
#2125=CARTESIAN_POINT('Ctrl Pts',(-17.3514251937866,24.952375,13.2));
#2126=CARTESIAN_POINT('Ctrl Pts',(-17.1958499031067,24.9777750003785,13.2));
#2127=CARTESIAN_POINT('Ctrl Pts',(-17.0370999031067,25.,13.2));
#2128=CARTESIAN_POINT('Ctrl Pts',(-16.872,25.,13.2));
#2129=CARTESIAN_POINT('',(-13.824,21.952,13.2));
#2130=CARTESIAN_POINT('Ctrl Pts',(-16.872,25.,13.2));
#2131=CARTESIAN_POINT('Ctrl Pts',(-15.18925,25.,13.2));
#2132=CARTESIAN_POINT('Ctrl Pts',(-13.824,23.63475,13.2));
#2133=CARTESIAN_POINT('Ctrl Pts',(-13.824,21.952,13.2));
#2134=CARTESIAN_POINT('',(-14.0113248062134,20.936,13.2));
#2135=CARTESIAN_POINT('Ctrl Pts',(-13.824,21.952,13.2));
#2136=CARTESIAN_POINT('Ctrl Pts',(-13.824,21.5932249031067,13.2));
#2137=CARTESIAN_POINT('Ctrl Pts',(-13.8970246124268,21.2566749515534,13.2));
#2138=CARTESIAN_POINT('Ctrl Pts',(-14.0113248062134,20.936,13.2));
#2139=CARTESIAN_POINT('',(-13.824,20.936,13.2));
#2140=CARTESIAN_POINT('',(-6.912,20.936,13.2));
#2141=CARTESIAN_POINT('',(-11.792,18.904,13.2));
#2142=CARTESIAN_POINT('Ctrl Pts',(-13.824,20.936,13.2));
#2143=CARTESIAN_POINT('Ctrl Pts',(-12.7032253875732,20.936,13.2));
#2144=CARTESIAN_POINT('Ctrl Pts',(-11.792,20.0247750968933,13.2));
#2145=CARTESIAN_POINT('Ctrl Pts',(-11.792,18.904,13.2));
#2146=CARTESIAN_POINT('',(-12.4936751937866,17.38,13.2));
#2147=CARTESIAN_POINT('Ctrl Pts',(-11.792,18.904,13.2));
#2148=CARTESIAN_POINT('Ctrl Pts',(-11.792,18.2944000968933,13.2));
#2149=CARTESIAN_POINT('Ctrl Pts',(-12.0682253875732,17.7514749031067,13.2));
#2150=CARTESIAN_POINT('Ctrl Pts',(-12.4936751937866,17.38,13.2));
#2151=CARTESIAN_POINT('',(-12.046,17.38,13.2));
#2152=CARTESIAN_POINT('',(-6.023,17.38,13.2));
#2153=CARTESIAN_POINT('',(-9.76,15.094,13.2));
#2154=CARTESIAN_POINT('Ctrl Pts',(-12.046,17.38,13.2));
#2155=CARTESIAN_POINT('Ctrl Pts',(-10.7823503875732,17.38,13.2));
#2156=CARTESIAN_POINT('Ctrl Pts',(-9.76,16.3576496124268,13.2));
#2157=CARTESIAN_POINT('Ctrl Pts',(-9.76,15.094,13.2));
#2158=CARTESIAN_POINT('',(-10.6680501937866,13.2810748062134,13.2));
#2159=CARTESIAN_POINT('Ctrl Pts',(-9.76,15.094,13.2));
#2160=CARTESIAN_POINT('Ctrl Pts',(-9.76,14.3510501937866,13.2));
#2161=CARTESIAN_POINT('Ctrl Pts',(-10.1187755813599,13.697,13.2));
#2162=CARTESIAN_POINT('Ctrl Pts',(-10.6680501937866,13.2810748062134,13.2));
#2163=CARTESIAN_POINT('Ctrl Pts',(-10.6680501937866,13.2810748062134,13.2));
#2164=CARTESIAN_POINT('Ctrl Pts',(-9.57902461242676,13.1064498062134,13.2));
#2165=CARTESIAN_POINT('Ctrl Pts',(-8.744,12.1698248062134,13.2));
#2166=CARTESIAN_POINT('Ctrl Pts',(-8.744,11.03,13.2));
#2167=CARTESIAN_POINT('Origin',(-30.5756210743859,1.29015157024562,13.));
#2168=CARTESIAN_POINT('',(-41.2034437294584,27.3211917272132,12.8));
#2169=CARTESIAN_POINT('',(-28.4235233091147,-4.6286093236459,12.8));
#2170=CARTESIAN_POINT('',(-30.761316412563,1.2158734349748,12.8));
#2171=CARTESIAN_POINT('',(-31.2107214413426,-2.74158431810009,10.9129749944542));
#2172=CARTESIAN_POINT('',(-40.8178786200733,27.4343119151775,13.2));
#2173=CARTESIAN_POINT('Origin',(-41.152,5.75,13.));
#2174=CARTESIAN_POINT('',(-41.352,42.5,12.8));
#2175=CARTESIAN_POINT('',(-40.952,42.1,13.2));
#2176=CARTESIAN_POINT('',(-41.352,28.0925824035673,12.8));
#2177=CARTESIAN_POINT('',(-41.352,5.75,12.8));
#2178=CARTESIAN_POINT('',(-41.352,28.0925824035673,12.8));
#2179=CARTESIAN_POINT('Origin',(1.91710821474381E-15,42.3,13.));
#2180=CARTESIAN_POINT('',(-33.4334881621829,42.5,12.8));
#2181=CARTESIAN_POINT('Origin',(-33.0334881621829,42.5,12.8));
#2182=CARTESIAN_POINT('',(1.91460500626476E-15,42.5,12.8));
#2183=CARTESIAN_POINT('Origin',(-37.7707308905416,10.5541468385478,13.));
#2184=CARTESIAN_POINT('',(-37.9671221678879,10.5163253343168,12.8));
#2185=CARTESIAN_POINT('Origin',(-35.4235233091147,12.8713906763541,6.45));
#2186=CARTESIAN_POINT('',(-41.2034437294584,27.3211917272132,4.6));
#2187=CARTESIAN_POINT('',(-41.2034437294584,27.3211917272132,7.575));
#2188=CARTESIAN_POINT('',(-28.4293512435897,-4.61403948745838,4.6));
#2189=CARTESIAN_POINT('',(-34.7268336539423,11.1296665384231,4.6));
#2190=CARTESIAN_POINT('',(-28.4235233091147,-4.6286093236459,4.62060485993786));
#2191=CARTESIAN_POINT('',(-29.8693305199868,-1.01409129646572,-0.491095555542391));
#2192=CARTESIAN_POINT('',(-28.4235233091147,-4.6286093236459,5.325));
#2193=CARTESIAN_POINT('Origin',(-41.2777218647292,27.7068870653902,7.575));
#2194=CARTESIAN_POINT('',(-41.352,28.0925824035673,4.6));
#2195=CARTESIAN_POINT('',(-41.352,28.0925824035673,7.575));
#2196=CARTESIAN_POINT('',(-41.352,28.0925824035673,4.6));
#2197=CARTESIAN_POINT('Origin',(-41.352,11.5,8.7));
#2198=CARTESIAN_POINT('',(-41.352,42.5,4.85));
#2199=CARTESIAN_POINT('',(-41.352,42.5,10.95));
#2200=CARTESIAN_POINT('',(-41.352,43.5,4.85));
#2201=CARTESIAN_POINT('',(-41.352,42.5,4.85));
#2202=CARTESIAN_POINT('',(-41.352,43.5,4.6));
#2203=CARTESIAN_POINT('',(-41.352,43.5,4.2));
#2204=CARTESIAN_POINT('',(-41.352,17.25,4.6));
#2205=CARTESIAN_POINT('Origin',(1.91961142322285E-15,42.5,13.2));
#2206=CARTESIAN_POINT('',(-33.4334881621829,42.5,5.25));
#2207=CARTESIAN_POINT('',(-33.4334881621829,42.5,9.225));
#2208=CARTESIAN_POINT('',(-40.952,42.5,5.25));
#2209=CARTESIAN_POINT('',(-20.476,42.5,5.25));
#2210=CARTESIAN_POINT('Origin',(-40.952,42.5,4.85));
#2211=CARTESIAN_POINT('',(-34.352,42.5,8.7));
#2212=CARTESIAN_POINT('Origin',(-36.652,42.5,8.7));
#2213=CARTESIAN_POINT('Origin',(-28.1492451738439,-4.81430466182295,5.325));
#2214=CARTESIAN_POINT('',(-27.8749670385731,-5.,4.77443991502264));
#2215=CARTESIAN_POINT('',(-28.4235233091147,-4.6286093236459,4.62060485993786));
#2216=CARTESIAN_POINT('',(-27.8749670385731,-5.,5.325));
#2217=CARTESIAN_POINT('Origin',(-22.1152642160479,-4.8070197437292,-0.917896265705898));
#2218=CARTESIAN_POINT('',(-22.2870840640304,-4.61403948745839,-1.10295190541046));
#2219=CARTESIAN_POINT('',(-21.9434443680653,-5.,-0.732840626001337));
#2220=CARTESIAN_POINT('Origin',(1.83903071982264E-15,11.5,8.7));
#2221=CARTESIAN_POINT('',(1.66533453693773E-15,23.,9.825));
#2222=CARTESIAN_POINT('',(1.83903071982264E-15,4.5,6.4));
#2223=CARTESIAN_POINT('Origin',(1.83903071982264E-15,4.5,8.7));
#2224=CARTESIAN_POINT('',(1.83903071982264E-15,13.5,6.4));
#2225=CARTESIAN_POINT('Origin',(1.83903071982264E-15,13.5,8.7));
#2226=CARTESIAN_POINT('Origin',(1.75845001642242E-15,-5.,4.2));
#2227=CARTESIAN_POINT('Origin',(-11.4489391774517,31.2367753636006,10.95));
#2228=CARTESIAN_POINT('',(-27.1045772289603,42.5,4.85));
#2229=CARTESIAN_POINT('',(-27.1045772289602,42.5,12.075));
#2230=CARTESIAN_POINT('',(-27.1045772289603,42.5,12.075));
#2231=CARTESIAN_POINT('Origin',(1.91961142322285E-15,42.5,13.2));
#2232=CARTESIAN_POINT('',(-27.5045772289603,42.5,5.25));
#2233=CARTESIAN_POINT('Origin',(-27.5045772289603,42.5,4.85));
#2234=CARTESIAN_POINT('',(-31.7534881621829,42.5,5.25));
#2235=CARTESIAN_POINT('',(-15.8767440810914,42.5,5.25));
#2236=CARTESIAN_POINT('',(-31.7534881621829,42.5,13.));
#2237=CARTESIAN_POINT('Ctrl Pts',(-17.888,15.856,12.6));
#2238=CARTESIAN_POINT('Ctrl Pts',(-17.888,15.856,13.32));
#2239=CARTESIAN_POINT('Ctrl Pts',(-17.888,15.2940246124268,12.6));
#2240=CARTESIAN_POINT('Ctrl Pts',(-17.888,15.2940246124268,13.32));
#2241=CARTESIAN_POINT('Ctrl Pts',(-18.3420250968933,14.84,12.6));
#2242=CARTESIAN_POINT('Ctrl Pts',(-18.3420250968933,14.84,13.32));
#2243=CARTESIAN_POINT('Ctrl Pts',(-18.904,14.84,12.6));
#2244=CARTESIAN_POINT('Ctrl Pts',(-18.904,14.84,13.32));
#2245=CARTESIAN_POINT('',(-18.904,14.84,12.6));
#2246=CARTESIAN_POINT('',(-17.888,15.856,12.6));
#2247=CARTESIAN_POINT('Ctrl Pts',(-18.904,14.84,12.6));
#2248=CARTESIAN_POINT('Ctrl Pts',(-18.3420250968933,14.84,12.6));
#2249=CARTESIAN_POINT('Ctrl Pts',(-17.888,15.2940246124268,12.6));
#2250=CARTESIAN_POINT('Ctrl Pts',(-17.888,15.856,12.6));
#2251=CARTESIAN_POINT('',(-17.888,15.856,13.2));
#2252=CARTESIAN_POINT('',(-17.888,15.856,12.6));
#2253=CARTESIAN_POINT('',(-18.904,14.84,13.2));
#2254=CARTESIAN_POINT('Ctrl Pts',(-18.904,14.84,13.2));
#2255=CARTESIAN_POINT('Ctrl Pts',(-18.3420250968933,14.84,13.2));
#2256=CARTESIAN_POINT('Ctrl Pts',(-17.888,15.2940246124268,13.2));
#2257=CARTESIAN_POINT('Ctrl Pts',(-17.888,15.856,13.2));
#2258=CARTESIAN_POINT('',(-18.904,14.84,12.6));
#2259=CARTESIAN_POINT('Ctrl Pts',(-18.904,16.872,12.6));
#2260=CARTESIAN_POINT('Ctrl Pts',(-18.904,16.872,13.32));
#2261=CARTESIAN_POINT('Ctrl Pts',(-18.3420250968933,16.872,12.6));
#2262=CARTESIAN_POINT('Ctrl Pts',(-18.3420250968933,16.872,13.32));
#2263=CARTESIAN_POINT('Ctrl Pts',(-17.888,16.4179753875733,12.6));
#2264=CARTESIAN_POINT('Ctrl Pts',(-17.888,16.4179753875733,13.32));
#2265=CARTESIAN_POINT('Ctrl Pts',(-17.888,15.856,12.6));
#2266=CARTESIAN_POINT('Ctrl Pts',(-17.888,15.856,13.32));
#2267=CARTESIAN_POINT('',(-18.904,16.872,12.6));
#2268=CARTESIAN_POINT('Ctrl Pts',(-17.888,15.856,12.6));
#2269=CARTESIAN_POINT('Ctrl Pts',(-17.888,16.4179753875733,12.6));
#2270=CARTESIAN_POINT('Ctrl Pts',(-18.3420250968933,16.872,12.6));
#2271=CARTESIAN_POINT('Ctrl Pts',(-18.904,16.872,12.6));
#2272=CARTESIAN_POINT('',(-18.904,16.872,13.2));
#2273=CARTESIAN_POINT('',(-18.904,16.872,12.6));
#2274=CARTESIAN_POINT('Ctrl Pts',(-17.888,15.856,13.2));
#2275=CARTESIAN_POINT('Ctrl Pts',(-17.888,16.4179753875733,13.2));
#2276=CARTESIAN_POINT('Ctrl Pts',(-18.3420250968933,16.872,13.2));
#2277=CARTESIAN_POINT('Ctrl Pts',(-18.904,16.872,13.2));
#2278=CARTESIAN_POINT('Ctrl Pts',(-19.92,15.856,12.6));
#2279=CARTESIAN_POINT('Ctrl Pts',(-19.92,15.856,13.32));
#2280=CARTESIAN_POINT('Ctrl Pts',(-19.92,16.4179753875733,12.6));
#2281=CARTESIAN_POINT('Ctrl Pts',(-19.92,16.4179753875733,13.32));
#2282=CARTESIAN_POINT('Ctrl Pts',(-19.4659749031067,16.872,12.6));
#2283=CARTESIAN_POINT('Ctrl Pts',(-19.4659749031067,16.872,13.32));
#2284=CARTESIAN_POINT('Ctrl Pts',(-18.904,16.872,12.6));
#2285=CARTESIAN_POINT('Ctrl Pts',(-18.904,16.872,13.32));
#2286=CARTESIAN_POINT('',(-19.92,15.856,12.6));
#2287=CARTESIAN_POINT('Ctrl Pts',(-18.904,16.872,12.6));
#2288=CARTESIAN_POINT('Ctrl Pts',(-19.4659749031067,16.872,12.6));
#2289=CARTESIAN_POINT('Ctrl Pts',(-19.92,16.4179753875733,12.6));
#2290=CARTESIAN_POINT('Ctrl Pts',(-19.92,15.856,12.6));
#2291=CARTESIAN_POINT('',(-19.92,15.856,13.2));
#2292=CARTESIAN_POINT('',(-19.92,15.856,12.6));
#2293=CARTESIAN_POINT('Ctrl Pts',(-18.904,16.872,13.2));
#2294=CARTESIAN_POINT('Ctrl Pts',(-19.4659749031067,16.872,13.2));
#2295=CARTESIAN_POINT('Ctrl Pts',(-19.92,16.4179753875733,13.2));
#2296=CARTESIAN_POINT('Ctrl Pts',(-19.92,15.856,13.2));
#2297=CARTESIAN_POINT('Ctrl Pts',(-18.904,14.84,12.6));
#2298=CARTESIAN_POINT('Ctrl Pts',(-18.904,14.84,13.32));
#2299=CARTESIAN_POINT('Ctrl Pts',(-19.4659749031067,14.84,12.6));
#2300=CARTESIAN_POINT('Ctrl Pts',(-19.4659749031067,14.84,13.32));
#2301=CARTESIAN_POINT('Ctrl Pts',(-19.92,15.2940246124268,12.6));
#2302=CARTESIAN_POINT('Ctrl Pts',(-19.92,15.2940246124268,13.32));
#2303=CARTESIAN_POINT('Ctrl Pts',(-19.92,15.856,12.6));
#2304=CARTESIAN_POINT('Ctrl Pts',(-19.92,15.856,13.32));
#2305=CARTESIAN_POINT('Ctrl Pts',(-19.92,15.856,12.6));
#2306=CARTESIAN_POINT('Ctrl Pts',(-19.92,15.2940246124268,12.6));
#2307=CARTESIAN_POINT('Ctrl Pts',(-19.4659749031067,14.84,12.6));
#2308=CARTESIAN_POINT('Ctrl Pts',(-18.904,14.84,12.6));
#2309=CARTESIAN_POINT('Ctrl Pts',(-19.92,15.856,13.2));
#2310=CARTESIAN_POINT('Ctrl Pts',(-19.92,15.2940246124268,13.2));
#2311=CARTESIAN_POINT('Ctrl Pts',(-19.4659749031067,14.84,13.2));
#2312=CARTESIAN_POINT('Ctrl Pts',(-18.904,14.84,13.2));
#2313=CARTESIAN_POINT('Ctrl Pts',(-15.856,15.856,12.6));
#2314=CARTESIAN_POINT('Ctrl Pts',(-15.856,15.856,13.32));
#2315=CARTESIAN_POINT('Ctrl Pts',(-15.856,16.4179753875733,12.6));
#2316=CARTESIAN_POINT('Ctrl Pts',(-15.856,16.4179753875733,13.32));
#2317=CARTESIAN_POINT('Ctrl Pts',(-15.4019753875732,16.872,12.6));
#2318=CARTESIAN_POINT('Ctrl Pts',(-15.4019753875732,16.872,13.32));
#2319=CARTESIAN_POINT('Ctrl Pts',(-14.84,16.872,12.6));
#2320=CARTESIAN_POINT('Ctrl Pts',(-14.84,16.872,13.32));
#2321=CARTESIAN_POINT('',(-14.84,16.872,12.6));
#2322=CARTESIAN_POINT('',(-15.856,15.856,12.6));
#2323=CARTESIAN_POINT('Ctrl Pts',(-14.84,16.872,12.6));
#2324=CARTESIAN_POINT('Ctrl Pts',(-15.4019753875732,16.872,12.6));
#2325=CARTESIAN_POINT('Ctrl Pts',(-15.856,16.4179753875733,12.6));
#2326=CARTESIAN_POINT('Ctrl Pts',(-15.856,15.856,12.6));
#2327=CARTESIAN_POINT('',(-15.856,15.856,13.2));
#2328=CARTESIAN_POINT('',(-15.856,15.856,12.6));
#2329=CARTESIAN_POINT('',(-14.84,16.872,13.2));
#2330=CARTESIAN_POINT('Ctrl Pts',(-14.84,16.872,13.2));
#2331=CARTESIAN_POINT('Ctrl Pts',(-15.4019753875732,16.872,13.2));
#2332=CARTESIAN_POINT('Ctrl Pts',(-15.856,16.4179753875733,13.2));
#2333=CARTESIAN_POINT('Ctrl Pts',(-15.856,15.856,13.2));
#2334=CARTESIAN_POINT('',(-14.84,16.872,12.6));
#2335=CARTESIAN_POINT('Ctrl Pts',(-14.84,14.84,12.6));
#2336=CARTESIAN_POINT('Ctrl Pts',(-14.84,14.84,13.32));
#2337=CARTESIAN_POINT('Ctrl Pts',(-15.4019753875732,14.84,12.6));
#2338=CARTESIAN_POINT('Ctrl Pts',(-15.4019753875732,14.84,13.32));
#2339=CARTESIAN_POINT('Ctrl Pts',(-15.856,15.2940246124268,12.6));
#2340=CARTESIAN_POINT('Ctrl Pts',(-15.856,15.2940246124268,13.32));
#2341=CARTESIAN_POINT('Ctrl Pts',(-15.856,15.856,12.6));
#2342=CARTESIAN_POINT('Ctrl Pts',(-15.856,15.856,13.32));
#2343=CARTESIAN_POINT('',(-14.84,14.84,12.6));
#2344=CARTESIAN_POINT('Ctrl Pts',(-15.856,15.856,12.6));
#2345=CARTESIAN_POINT('Ctrl Pts',(-15.856,15.2940246124268,12.6));
#2346=CARTESIAN_POINT('Ctrl Pts',(-15.4019753875732,14.84,12.6));
#2347=CARTESIAN_POINT('Ctrl Pts',(-14.84,14.84,12.6));
#2348=CARTESIAN_POINT('',(-14.84,14.84,13.2));
#2349=CARTESIAN_POINT('',(-14.84,14.84,12.6));
#2350=CARTESIAN_POINT('Ctrl Pts',(-15.856,15.856,13.2));
#2351=CARTESIAN_POINT('Ctrl Pts',(-15.856,15.2940246124268,13.2));
#2352=CARTESIAN_POINT('Ctrl Pts',(-15.4019753875732,14.84,13.2));
#2353=CARTESIAN_POINT('Ctrl Pts',(-14.84,14.84,13.2));
#2354=CARTESIAN_POINT('Ctrl Pts',(-13.824,15.856,12.6));
#2355=CARTESIAN_POINT('Ctrl Pts',(-13.824,15.856,13.32));
#2356=CARTESIAN_POINT('Ctrl Pts',(-13.824,15.2940246124268,12.6));
#2357=CARTESIAN_POINT('Ctrl Pts',(-13.824,15.2940246124268,13.32));
#2358=CARTESIAN_POINT('Ctrl Pts',(-14.2780246124268,14.84,12.6));
#2359=CARTESIAN_POINT('Ctrl Pts',(-14.2780246124268,14.84,13.32));
#2360=CARTESIAN_POINT('Ctrl Pts',(-14.84,14.84,12.6));
#2361=CARTESIAN_POINT('Ctrl Pts',(-14.84,14.84,13.32));
#2362=CARTESIAN_POINT('',(-13.824,15.856,12.6));
#2363=CARTESIAN_POINT('Ctrl Pts',(-14.84,14.84,12.6));
#2364=CARTESIAN_POINT('Ctrl Pts',(-14.2780246124268,14.84,12.6));
#2365=CARTESIAN_POINT('Ctrl Pts',(-13.824,15.2940246124268,12.6));
#2366=CARTESIAN_POINT('Ctrl Pts',(-13.824,15.856,12.6));
#2367=CARTESIAN_POINT('',(-13.824,15.856,13.2));
#2368=CARTESIAN_POINT('',(-13.824,15.856,12.6));
#2369=CARTESIAN_POINT('Ctrl Pts',(-14.84,14.84,13.2));
#2370=CARTESIAN_POINT('Ctrl Pts',(-14.2780246124268,14.84,13.2));
#2371=CARTESIAN_POINT('Ctrl Pts',(-13.824,15.2940246124268,13.2));
#2372=CARTESIAN_POINT('Ctrl Pts',(-13.824,15.856,13.2));
#2373=CARTESIAN_POINT('Ctrl Pts',(-14.84,16.872,12.6));
#2374=CARTESIAN_POINT('Ctrl Pts',(-14.84,16.872,13.32));
#2375=CARTESIAN_POINT('Ctrl Pts',(-14.2780246124268,16.872,12.6));
#2376=CARTESIAN_POINT('Ctrl Pts',(-14.2780246124268,16.872,13.32));
#2377=CARTESIAN_POINT('Ctrl Pts',(-13.824,16.4179753875733,12.6));
#2378=CARTESIAN_POINT('Ctrl Pts',(-13.824,16.4179753875733,13.32));
#2379=CARTESIAN_POINT('Ctrl Pts',(-13.824,15.856,12.6));
#2380=CARTESIAN_POINT('Ctrl Pts',(-13.824,15.856,13.32));
#2381=CARTESIAN_POINT('Ctrl Pts',(-13.824,15.856,12.6));
#2382=CARTESIAN_POINT('Ctrl Pts',(-13.824,16.4179753875733,12.6));
#2383=CARTESIAN_POINT('Ctrl Pts',(-14.2780246124268,16.872,12.6));
#2384=CARTESIAN_POINT('Ctrl Pts',(-14.84,16.872,12.6));
#2385=CARTESIAN_POINT('Ctrl Pts',(-13.824,15.856,13.2));
#2386=CARTESIAN_POINT('Ctrl Pts',(-13.824,16.4179753875733,13.2));
#2387=CARTESIAN_POINT('Ctrl Pts',(-14.2780246124268,16.872,13.2));
#2388=CARTESIAN_POINT('Ctrl Pts',(-14.84,16.872,13.2));
#2389=CARTESIAN_POINT('Ctrl Pts',(-19.904125,12.45875,12.6));
#2390=CARTESIAN_POINT('Ctrl Pts',(-19.904125,12.45875,13.32));
#2391=CARTESIAN_POINT('Ctrl Pts',(-19.967625,12.6270246124268,12.6));
#2392=CARTESIAN_POINT('Ctrl Pts',(-19.967625,12.6270246124268,13.32));
#2393=CARTESIAN_POINT('Ctrl Pts',(-19.840625,12.808,12.6));
#2394=CARTESIAN_POINT('Ctrl Pts',(-19.840625,12.808,13.32));
#2395=CARTESIAN_POINT('Ctrl Pts',(-19.6564749031067,12.808,12.6));
#2396=CARTESIAN_POINT('Ctrl Pts',(-19.6564749031067,12.808,13.32));
#2397=CARTESIAN_POINT('',(-19.6564749031067,12.808,12.6));
#2398=CARTESIAN_POINT('',(-19.904125,12.45875,12.6));
#2399=CARTESIAN_POINT('Ctrl Pts',(-19.6564749031067,12.808,12.6));
#2400=CARTESIAN_POINT('Ctrl Pts',(-19.840625,12.808,12.6));
#2401=CARTESIAN_POINT('Ctrl Pts',(-19.967625,12.6270246124268,12.6));
#2402=CARTESIAN_POINT('Ctrl Pts',(-19.904125,12.45875,12.6));
#2403=CARTESIAN_POINT('',(-19.904125,12.45875,13.2));
#2404=CARTESIAN_POINT('',(-19.904125,12.45875,12.6));
#2405=CARTESIAN_POINT('',(-19.6564749031067,12.808,13.2));
#2406=CARTESIAN_POINT('Ctrl Pts',(-19.6564749031067,12.808,13.2));
#2407=CARTESIAN_POINT('Ctrl Pts',(-19.840625,12.808,13.2));
#2408=CARTESIAN_POINT('Ctrl Pts',(-19.967625,12.6270246124268,13.2));
#2409=CARTESIAN_POINT('Ctrl Pts',(-19.904125,12.45875,13.2));
#2410=CARTESIAN_POINT('',(-19.6564749031067,12.808,12.6));
#2411=CARTESIAN_POINT('Ctrl Pts',(-16.872,10.776,12.6));
#2412=CARTESIAN_POINT('Ctrl Pts',(-16.872,10.776,13.32));
#2413=CARTESIAN_POINT('Ctrl Pts',(-18.04675,10.776,12.6));
#2414=CARTESIAN_POINT('Ctrl Pts',(-18.04675,10.776,13.32));
#2415=CARTESIAN_POINT('Ctrl Pts',(-19.57075,11.5729251937866,12.6));
#2416=CARTESIAN_POINT('Ctrl Pts',(-19.57075,11.5729251937866,13.32));
#2417=CARTESIAN_POINT('Ctrl Pts',(-19.904125,12.45875,12.6));
#2418=CARTESIAN_POINT('Ctrl Pts',(-19.904125,12.45875,13.32));
#2419=CARTESIAN_POINT('',(-16.872,10.776,12.6));
#2420=CARTESIAN_POINT('Ctrl Pts',(-19.904125,12.45875,12.6));
#2421=CARTESIAN_POINT('Ctrl Pts',(-19.57075,11.5729251937866,12.6));
#2422=CARTESIAN_POINT('Ctrl Pts',(-18.04675,10.776,12.6));
#2423=CARTESIAN_POINT('Ctrl Pts',(-16.872,10.776,12.6));
#2424=CARTESIAN_POINT('',(-16.872,10.776,13.2));
#2425=CARTESIAN_POINT('',(-16.872,10.776,12.6));
#2426=CARTESIAN_POINT('Ctrl Pts',(-19.904125,12.45875,13.2));
#2427=CARTESIAN_POINT('Ctrl Pts',(-19.57075,11.5729251937866,13.2));
#2428=CARTESIAN_POINT('Ctrl Pts',(-18.04675,10.776,13.2));
#2429=CARTESIAN_POINT('Ctrl Pts',(-16.872,10.776,13.2));
#2430=CARTESIAN_POINT('Ctrl Pts',(-13.839875,12.45875,12.6));
#2431=CARTESIAN_POINT('Ctrl Pts',(-13.839875,12.45875,13.32));
#2432=CARTESIAN_POINT('Ctrl Pts',(-14.17325,11.5729251937866,12.6));
#2433=CARTESIAN_POINT('Ctrl Pts',(-14.17325,11.5729251937866,13.32));
#2434=CARTESIAN_POINT('Ctrl Pts',(-15.69725,10.776,12.6));
#2435=CARTESIAN_POINT('Ctrl Pts',(-15.69725,10.776,13.32));
#2436=CARTESIAN_POINT('Ctrl Pts',(-16.872,10.776,12.6));
#2437=CARTESIAN_POINT('Ctrl Pts',(-16.872,10.776,13.32));
#2438=CARTESIAN_POINT('',(-13.839875,12.45875,12.6));
#2439=CARTESIAN_POINT('Ctrl Pts',(-16.872,10.776,12.6));
#2440=CARTESIAN_POINT('Ctrl Pts',(-15.69725,10.776,12.6));
#2441=CARTESIAN_POINT('Ctrl Pts',(-14.17325,11.5729251937866,12.6));
#2442=CARTESIAN_POINT('Ctrl Pts',(-13.839875,12.45875,12.6));
#2443=CARTESIAN_POINT('',(-13.839875,12.45875,13.2));
#2444=CARTESIAN_POINT('',(-13.839875,12.45875,12.6));
#2445=CARTESIAN_POINT('Ctrl Pts',(-16.872,10.776,13.2));
#2446=CARTESIAN_POINT('Ctrl Pts',(-15.69725,10.776,13.2));
#2447=CARTESIAN_POINT('Ctrl Pts',(-14.17325,11.5729251937866,13.2));
#2448=CARTESIAN_POINT('Ctrl Pts',(-13.839875,12.45875,13.2));
#2449=CARTESIAN_POINT('Ctrl Pts',(-14.0875246124268,12.808,12.6));
#2450=CARTESIAN_POINT('Ctrl Pts',(-14.0875246124268,12.808,13.32));
#2451=CARTESIAN_POINT('Ctrl Pts',(-13.903375,12.808,12.6));
#2452=CARTESIAN_POINT('Ctrl Pts',(-13.903375,12.808,13.32));
#2453=CARTESIAN_POINT('Ctrl Pts',(-13.776375,12.6270246124268,12.6));
#2454=CARTESIAN_POINT('Ctrl Pts',(-13.776375,12.6270246124268,13.32));
#2455=CARTESIAN_POINT('Ctrl Pts',(-13.839875,12.45875,12.6));
#2456=CARTESIAN_POINT('Ctrl Pts',(-13.839875,12.45875,13.32));
#2457=CARTESIAN_POINT('',(-14.0875246124268,12.808,12.6));
#2458=CARTESIAN_POINT('Ctrl Pts',(-13.839875,12.45875,12.6));
#2459=CARTESIAN_POINT('Ctrl Pts',(-13.776375,12.6270246124268,12.6));
#2460=CARTESIAN_POINT('Ctrl Pts',(-13.903375,12.808,12.6));
#2461=CARTESIAN_POINT('Ctrl Pts',(-14.0875246124268,12.808,12.6));
#2462=CARTESIAN_POINT('',(-14.0875246124268,12.808,13.2));
#2463=CARTESIAN_POINT('',(-14.0875246124268,12.808,12.6));
#2464=CARTESIAN_POINT('Ctrl Pts',(-13.839875,12.45875,13.2));
#2465=CARTESIAN_POINT('Ctrl Pts',(-13.776375,12.6270246124268,13.2));
#2466=CARTESIAN_POINT('Ctrl Pts',(-13.903375,12.808,13.2));
#2467=CARTESIAN_POINT('Ctrl Pts',(-14.0875246124268,12.808,13.2));
#2468=CARTESIAN_POINT('Origin',(-19.6564749031067,12.808,12.6));
#2469=CARTESIAN_POINT('',(-19.6564749031067,12.808,12.6));
#2470=CARTESIAN_POINT('',(-9.82823745155334,12.808,13.2));
#2471=CARTESIAN_POINT('Ctrl Pts',(-11.03,8.74400000000001,12.6));
#2472=CARTESIAN_POINT('Ctrl Pts',(-11.03,8.74400000000001,13.32));
#2473=CARTESIAN_POINT('Ctrl Pts',(-9.76635038757324,8.74400000000001,12.6));
#2474=CARTESIAN_POINT('Ctrl Pts',(-9.76635038757324,8.74400000000001,13.32));
#2475=CARTESIAN_POINT('Ctrl Pts',(-8.744,9.76635038757325,12.6));
#2476=CARTESIAN_POINT('Ctrl Pts',(-8.744,9.76635038757325,13.32));
#2477=CARTESIAN_POINT('Ctrl Pts',(-8.744,11.03,12.6));
#2478=CARTESIAN_POINT('Ctrl Pts',(-8.744,11.03,13.32));
#2479=CARTESIAN_POINT('',(-8.744,11.03,12.6));
#2480=CARTESIAN_POINT('',(-11.03,8.74400000000001,12.6));
#2481=CARTESIAN_POINT('Ctrl Pts',(-8.744,11.03,12.6));
#2482=CARTESIAN_POINT('Ctrl Pts',(-8.744,9.76635038757325,12.6));
#2483=CARTESIAN_POINT('Ctrl Pts',(-9.76635038757324,8.74400000000001,12.6));
#2484=CARTESIAN_POINT('Ctrl Pts',(-11.03,8.74400000000001,12.6));
#2485=CARTESIAN_POINT('',(-11.03,8.74400000000001,12.6));
#2486=CARTESIAN_POINT('',(-8.744,11.03,12.6));
#2487=CARTESIAN_POINT('Origin',(-22.714,8.74400000000001,12.6));
#2488=CARTESIAN_POINT('',(-22.714,8.74400000000001,12.6));
#2489=CARTESIAN_POINT('',(-22.714,8.74400000000001,12.6));
#2490=CARTESIAN_POINT('',(-22.714,8.74400000000001,12.6));
#2491=CARTESIAN_POINT('Ctrl Pts',(-25.,11.03,12.6));
#2492=CARTESIAN_POINT('Ctrl Pts',(-25.,11.03,13.32));
#2493=CARTESIAN_POINT('Ctrl Pts',(-25.,9.76635038757325,12.6));
#2494=CARTESIAN_POINT('Ctrl Pts',(-25.,9.76635038757325,13.32));
#2495=CARTESIAN_POINT('Ctrl Pts',(-23.9776499757767,8.74400000000001,12.6));
#2496=CARTESIAN_POINT('Ctrl Pts',(-23.9776499757767,8.74400000000001,13.32));
#2497=CARTESIAN_POINT('Ctrl Pts',(-22.714,8.74400000000001,12.6));
#2498=CARTESIAN_POINT('Ctrl Pts',(-22.714,8.74400000000001,13.32));
#2499=CARTESIAN_POINT('',(-25.,11.03,12.6));
#2500=CARTESIAN_POINT('Ctrl Pts',(-22.714,8.74400000000001,12.6));
#2501=CARTESIAN_POINT('Ctrl Pts',(-23.9776499757767,8.74400000000001,12.6));
#2502=CARTESIAN_POINT('Ctrl Pts',(-25.,9.76635038757325,12.6));
#2503=CARTESIAN_POINT('Ctrl Pts',(-25.,11.03,12.6));
#2504=CARTESIAN_POINT('',(-25.,11.03,12.6));
#2505=CARTESIAN_POINT('Ctrl Pts',(-23.0759500484467,13.2810748062134,12.6));
#2506=CARTESIAN_POINT('Ctrl Pts',(-23.0759500484467,13.2810748062134,13.32));
#2507=CARTESIAN_POINT('Ctrl Pts',(-24.1649750242233,13.1064498062134,12.6));
#2508=CARTESIAN_POINT('Ctrl Pts',(-24.1649750242233,13.1064498062134,13.32));
#2509=CARTESIAN_POINT('Ctrl Pts',(-25.,12.1698248062134,12.6));
#2510=CARTESIAN_POINT('Ctrl Pts',(-25.,12.1698248062134,13.32));
#2511=CARTESIAN_POINT('Ctrl Pts',(-25.,11.03,12.6));
#2512=CARTESIAN_POINT('Ctrl Pts',(-25.,11.03,13.32));
#2513=CARTESIAN_POINT('',(-23.0759500484467,13.2810748062134,12.6));
#2514=CARTESIAN_POINT('Ctrl Pts',(-25.,11.03,12.6));
#2515=CARTESIAN_POINT('Ctrl Pts',(-25.,12.1698248062134,12.6));
#2516=CARTESIAN_POINT('Ctrl Pts',(-24.1649750242233,13.1064498062134,12.6));
#2517=CARTESIAN_POINT('Ctrl Pts',(-23.0759500484467,13.2810748062134,12.6));
#2518=CARTESIAN_POINT('',(-23.0759500484467,13.2810748062134,12.6));
#2519=CARTESIAN_POINT('Ctrl Pts',(-23.984,15.094,12.6));
#2520=CARTESIAN_POINT('Ctrl Pts',(-23.984,15.094,13.32));
#2521=CARTESIAN_POINT('Ctrl Pts',(-23.984,14.3510501937866,12.6));
#2522=CARTESIAN_POINT('Ctrl Pts',(-23.984,14.3510501937866,13.32));
#2523=CARTESIAN_POINT('Ctrl Pts',(-23.6252250242233,13.697,12.6));
#2524=CARTESIAN_POINT('Ctrl Pts',(-23.6252250242233,13.697,13.32));
#2525=CARTESIAN_POINT('Ctrl Pts',(-23.0759500484467,13.2810748062134,12.6));
#2526=CARTESIAN_POINT('Ctrl Pts',(-23.0759500484467,13.2810748062134,13.32));
#2527=CARTESIAN_POINT('',(-23.984,15.094,12.6));
#2528=CARTESIAN_POINT('Ctrl Pts',(-23.0759500484467,13.2810748062134,12.6));
#2529=CARTESIAN_POINT('Ctrl Pts',(-23.6252250242233,13.697,12.6));
#2530=CARTESIAN_POINT('Ctrl Pts',(-23.984,14.3510501937866,12.6));
#2531=CARTESIAN_POINT('Ctrl Pts',(-23.984,15.094,12.6));
#2532=CARTESIAN_POINT('',(-23.984,15.094,12.6));
#2533=CARTESIAN_POINT('Ctrl Pts',(-21.698,17.38,12.6));
#2534=CARTESIAN_POINT('Ctrl Pts',(-21.698,17.38,13.32));
#2535=CARTESIAN_POINT('Ctrl Pts',(-22.9616500968933,17.38,12.6));
#2536=CARTESIAN_POINT('Ctrl Pts',(-22.9616500968933,17.38,13.32));
#2537=CARTESIAN_POINT('Ctrl Pts',(-23.984,16.3576496124268,12.6));
#2538=CARTESIAN_POINT('Ctrl Pts',(-23.984,16.3576496124268,13.32));
#2539=CARTESIAN_POINT('Ctrl Pts',(-23.984,15.094,12.6));
#2540=CARTESIAN_POINT('Ctrl Pts',(-23.984,15.094,13.32));
#2541=CARTESIAN_POINT('',(-21.698,17.38,12.6));
#2542=CARTESIAN_POINT('Ctrl Pts',(-23.984,15.094,12.6));
#2543=CARTESIAN_POINT('Ctrl Pts',(-23.984,16.3576496124268,12.6));
#2544=CARTESIAN_POINT('Ctrl Pts',(-22.9616500968933,17.38,12.6));
#2545=CARTESIAN_POINT('Ctrl Pts',(-21.698,17.38,12.6));
#2546=CARTESIAN_POINT('',(-21.698,17.38,12.6));
#2547=CARTESIAN_POINT('Origin',(-21.2503250484467,17.38,12.6));
#2548=CARTESIAN_POINT('',(-21.2503250484467,17.38,12.6));
#2549=CARTESIAN_POINT('',(-21.2503250484467,17.38,12.6));
#2550=CARTESIAN_POINT('',(-21.2503250484467,17.38,12.6));
#2551=CARTESIAN_POINT('Ctrl Pts',(-21.952,18.904,12.6));
#2552=CARTESIAN_POINT('Ctrl Pts',(-21.952,18.904,13.32));
#2553=CARTESIAN_POINT('Ctrl Pts',(-21.952,18.2944000968933,12.6));
#2554=CARTESIAN_POINT('Ctrl Pts',(-21.952,18.2944000968933,13.32));
#2555=CARTESIAN_POINT('Ctrl Pts',(-21.6757750968933,17.7514749031067,12.6));
#2556=CARTESIAN_POINT('Ctrl Pts',(-21.6757750968933,17.7514749031067,13.32));
#2557=CARTESIAN_POINT('Ctrl Pts',(-21.2503250484467,17.38,12.6));
#2558=CARTESIAN_POINT('Ctrl Pts',(-21.2503250484467,17.38,13.32));
#2559=CARTESIAN_POINT('',(-21.952,18.904,12.6));
#2560=CARTESIAN_POINT('Ctrl Pts',(-21.2503250484467,17.38,12.6));
#2561=CARTESIAN_POINT('Ctrl Pts',(-21.6757750968933,17.7514749031067,12.6));
#2562=CARTESIAN_POINT('Ctrl Pts',(-21.952,18.2944000968933,12.6));
#2563=CARTESIAN_POINT('Ctrl Pts',(-21.952,18.904,12.6));
#2564=CARTESIAN_POINT('',(-21.952,18.904,12.6));
#2565=CARTESIAN_POINT('Ctrl Pts',(-19.92,20.936,12.6));
#2566=CARTESIAN_POINT('Ctrl Pts',(-19.92,20.936,13.32));
#2567=CARTESIAN_POINT('Ctrl Pts',(-21.0407750968933,20.936,12.6));
#2568=CARTESIAN_POINT('Ctrl Pts',(-21.0407750968933,20.936,13.32));
#2569=CARTESIAN_POINT('Ctrl Pts',(-21.952,20.0247750968933,12.6));
#2570=CARTESIAN_POINT('Ctrl Pts',(-21.952,20.0247750968933,13.32));
#2571=CARTESIAN_POINT('Ctrl Pts',(-21.952,18.904,12.6));
#2572=CARTESIAN_POINT('Ctrl Pts',(-21.952,18.904,13.32));
#2573=CARTESIAN_POINT('',(-19.92,20.936,12.6));
#2574=CARTESIAN_POINT('Ctrl Pts',(-21.952,18.904,12.6));
#2575=CARTESIAN_POINT('Ctrl Pts',(-21.952,20.0247750968933,12.6));
#2576=CARTESIAN_POINT('Ctrl Pts',(-21.0407750968933,20.936,12.6));
#2577=CARTESIAN_POINT('Ctrl Pts',(-19.92,20.936,12.6));
#2578=CARTESIAN_POINT('',(-19.92,20.936,12.6));
#2579=CARTESIAN_POINT('Origin',(-19.412,20.936,12.6));
#2580=CARTESIAN_POINT('',(-19.412,20.936,12.6));
#2581=CARTESIAN_POINT('',(-19.412,20.936,12.6));
#2582=CARTESIAN_POINT('',(-19.412,20.936,12.6));
#2583=CARTESIAN_POINT('Ctrl Pts',(-16.872,23.476,12.6));
#2584=CARTESIAN_POINT('Ctrl Pts',(-16.872,23.476,13.32));
#2585=CARTESIAN_POINT('Ctrl Pts',(-16.872,22.0726500968933,12.6));
#2586=CARTESIAN_POINT('Ctrl Pts',(-16.872,22.0726500968933,13.32));
#2587=CARTESIAN_POINT('Ctrl Pts',(-18.0086500968933,20.936,12.6));
#2588=CARTESIAN_POINT('Ctrl Pts',(-18.0086500968933,20.936,13.32));
#2589=CARTESIAN_POINT('Ctrl Pts',(-19.412,20.936,12.6));
#2590=CARTESIAN_POINT('Ctrl Pts',(-19.412,20.936,13.32));
#2591=CARTESIAN_POINT('',(-16.872,23.476,12.6));
#2592=CARTESIAN_POINT('Ctrl Pts',(-19.412,20.936,12.6));
#2593=CARTESIAN_POINT('Ctrl Pts',(-18.0086500968933,20.936,12.6));
#2594=CARTESIAN_POINT('Ctrl Pts',(-16.872,22.0726500968933,12.6));
#2595=CARTESIAN_POINT('Ctrl Pts',(-16.872,23.476,12.6));
#2596=CARTESIAN_POINT('',(-16.872,23.476,12.6));
#2597=CARTESIAN_POINT('Ctrl Pts',(-17.3514251937866,24.952375,12.6));
#2598=CARTESIAN_POINT('Ctrl Pts',(-17.3514251937866,24.952375,13.32));
#2599=CARTESIAN_POINT('Ctrl Pts',(-17.0529753875732,24.5364499878883,12.6));
#2600=CARTESIAN_POINT('Ctrl Pts',(-17.0529753875732,24.5364499878883,13.32));
#2601=CARTESIAN_POINT('Ctrl Pts',(-16.872,24.0284499878883,12.6));
#2602=CARTESIAN_POINT('Ctrl Pts',(-16.872,24.0284499878883,13.32));
#2603=CARTESIAN_POINT('Ctrl Pts',(-16.872,23.476,12.6));
#2604=CARTESIAN_POINT('Ctrl Pts',(-16.872,23.476,13.32));
#2605=CARTESIAN_POINT('',(-17.3514251937866,24.952375,12.6));
#2606=CARTESIAN_POINT('Ctrl Pts',(-16.872,23.476,12.6));
#2607=CARTESIAN_POINT('Ctrl Pts',(-16.872,24.0284499878883,12.6));
#2608=CARTESIAN_POINT('Ctrl Pts',(-17.0529753875732,24.5364499878883,12.6));
#2609=CARTESIAN_POINT('Ctrl Pts',(-17.3514251937866,24.952375,12.6));
#2610=CARTESIAN_POINT('',(-17.3514251937866,24.952375,12.6));
#2611=CARTESIAN_POINT('Ctrl Pts',(-16.872,25.,12.6));
#2612=CARTESIAN_POINT('Ctrl Pts',(-16.872,25.,13.32));
#2613=CARTESIAN_POINT('Ctrl Pts',(-17.0370999031067,25.,12.6));
#2614=CARTESIAN_POINT('Ctrl Pts',(-17.0370999031067,25.,13.32));
#2615=CARTESIAN_POINT('Ctrl Pts',(-17.1958499031067,24.9777750003785,12.6));
#2616=CARTESIAN_POINT('Ctrl Pts',(-17.1958499031067,24.9777750003785,13.32));
#2617=CARTESIAN_POINT('Ctrl Pts',(-17.3514251937866,24.952375,12.6));
#2618=CARTESIAN_POINT('Ctrl Pts',(-17.3514251937866,24.952375,13.32));
#2619=CARTESIAN_POINT('',(-16.872,25.,12.6));
#2620=CARTESIAN_POINT('Ctrl Pts',(-17.3514251937866,24.952375,12.6));
#2621=CARTESIAN_POINT('Ctrl Pts',(-17.1958499031067,24.9777750003785,12.6));
#2622=CARTESIAN_POINT('Ctrl Pts',(-17.0370999031067,25.,12.6));
#2623=CARTESIAN_POINT('Ctrl Pts',(-16.872,25.,12.6));
#2624=CARTESIAN_POINT('',(-16.872,25.,12.6));
#2625=CARTESIAN_POINT('Ctrl Pts',(-13.824,21.952,12.6));
#2626=CARTESIAN_POINT('Ctrl Pts',(-13.824,21.952,13.32));
#2627=CARTESIAN_POINT('Ctrl Pts',(-13.824,23.63475,12.6));
#2628=CARTESIAN_POINT('Ctrl Pts',(-13.824,23.63475,13.32));
#2629=CARTESIAN_POINT('Ctrl Pts',(-15.18925,25.,12.6));
#2630=CARTESIAN_POINT('Ctrl Pts',(-15.18925,25.,13.32));
#2631=CARTESIAN_POINT('Ctrl Pts',(-16.872,25.,12.6));
#2632=CARTESIAN_POINT('Ctrl Pts',(-16.872,25.,13.32));
#2633=CARTESIAN_POINT('',(-13.824,21.952,12.6));
#2634=CARTESIAN_POINT('Ctrl Pts',(-16.872,25.,12.6));
#2635=CARTESIAN_POINT('Ctrl Pts',(-15.18925,25.,12.6));
#2636=CARTESIAN_POINT('Ctrl Pts',(-13.824,23.63475,12.6));
#2637=CARTESIAN_POINT('Ctrl Pts',(-13.824,21.952,12.6));
#2638=CARTESIAN_POINT('',(-13.824,21.952,12.6));
#2639=CARTESIAN_POINT('Ctrl Pts',(-14.0113248062134,20.936,12.6));
#2640=CARTESIAN_POINT('Ctrl Pts',(-14.0113248062134,20.936,13.32));
#2641=CARTESIAN_POINT('Ctrl Pts',(-13.8970246124268,21.2566749515534,12.6));
#2642=CARTESIAN_POINT('Ctrl Pts',(-13.8970246124268,21.2566749515534,13.32));
#2643=CARTESIAN_POINT('Ctrl Pts',(-13.824,21.5932249031067,12.6));
#2644=CARTESIAN_POINT('Ctrl Pts',(-13.824,21.5932249031067,13.32));
#2645=CARTESIAN_POINT('Ctrl Pts',(-13.824,21.952,12.6));
#2646=CARTESIAN_POINT('Ctrl Pts',(-13.824,21.952,13.32));
#2647=CARTESIAN_POINT('',(-14.0113248062134,20.936,12.6));
#2648=CARTESIAN_POINT('Ctrl Pts',(-13.824,21.952,12.6));
#2649=CARTESIAN_POINT('Ctrl Pts',(-13.824,21.5932249031067,12.6));
#2650=CARTESIAN_POINT('Ctrl Pts',(-13.8970246124268,21.2566749515534,12.6));
#2651=CARTESIAN_POINT('Ctrl Pts',(-14.0113248062134,20.936,12.6));
#2652=CARTESIAN_POINT('',(-14.0113248062134,20.936,12.6));
#2653=CARTESIAN_POINT('Origin',(-13.824,20.936,12.6));
#2654=CARTESIAN_POINT('',(-13.824,20.936,12.6));
#2655=CARTESIAN_POINT('',(-13.824,20.936,12.6));
#2656=CARTESIAN_POINT('',(-13.824,20.936,12.6));
#2657=CARTESIAN_POINT('Ctrl Pts',(-11.792,18.904,12.6));
#2658=CARTESIAN_POINT('Ctrl Pts',(-11.792,18.904,13.32));
#2659=CARTESIAN_POINT('Ctrl Pts',(-11.792,20.0247750968933,12.6));
#2660=CARTESIAN_POINT('Ctrl Pts',(-11.792,20.0247750968933,13.32));
#2661=CARTESIAN_POINT('Ctrl Pts',(-12.7032253875732,20.936,12.6));
#2662=CARTESIAN_POINT('Ctrl Pts',(-12.7032253875732,20.936,13.32));
#2663=CARTESIAN_POINT('Ctrl Pts',(-13.824,20.936,12.6));
#2664=CARTESIAN_POINT('Ctrl Pts',(-13.824,20.936,13.32));
#2665=CARTESIAN_POINT('',(-11.792,18.904,12.6));
#2666=CARTESIAN_POINT('Ctrl Pts',(-13.824,20.936,12.6));
#2667=CARTESIAN_POINT('Ctrl Pts',(-12.7032253875732,20.936,12.6));
#2668=CARTESIAN_POINT('Ctrl Pts',(-11.792,20.0247750968933,12.6));
#2669=CARTESIAN_POINT('Ctrl Pts',(-11.792,18.904,12.6));
#2670=CARTESIAN_POINT('',(-11.792,18.904,12.6));
#2671=CARTESIAN_POINT('Ctrl Pts',(-12.4936751937866,17.38,12.6));
#2672=CARTESIAN_POINT('Ctrl Pts',(-12.4936751937866,17.38,13.32));
#2673=CARTESIAN_POINT('Ctrl Pts',(-12.0682253875732,17.7514749031067,12.6));
#2674=CARTESIAN_POINT('Ctrl Pts',(-12.0682253875732,17.7514749031067,13.32));
#2675=CARTESIAN_POINT('Ctrl Pts',(-11.792,18.2944000968933,12.6));
#2676=CARTESIAN_POINT('Ctrl Pts',(-11.792,18.2944000968933,13.32));
#2677=CARTESIAN_POINT('Ctrl Pts',(-11.792,18.904,12.6));
#2678=CARTESIAN_POINT('Ctrl Pts',(-11.792,18.904,13.32));
#2679=CARTESIAN_POINT('',(-12.4936751937866,17.38,12.6));
#2680=CARTESIAN_POINT('Ctrl Pts',(-11.792,18.904,12.6));
#2681=CARTESIAN_POINT('Ctrl Pts',(-11.792,18.2944000968933,12.6));
#2682=CARTESIAN_POINT('Ctrl Pts',(-12.0682253875732,17.7514749031067,12.6));
#2683=CARTESIAN_POINT('Ctrl Pts',(-12.4936751937866,17.38,12.6));
#2684=CARTESIAN_POINT('',(-12.4936751937866,17.38,12.6));
#2685=CARTESIAN_POINT('Origin',(-12.046,17.38,12.6));
#2686=CARTESIAN_POINT('',(-12.046,17.38,12.6));
#2687=CARTESIAN_POINT('',(-12.046,17.38,12.6));
#2688=CARTESIAN_POINT('',(-12.046,17.38,12.6));
#2689=CARTESIAN_POINT('Ctrl Pts',(-9.76,15.094,12.6));
#2690=CARTESIAN_POINT('Ctrl Pts',(-9.76,15.094,13.32));
#2691=CARTESIAN_POINT('Ctrl Pts',(-9.76,16.3576496124268,12.6));
#2692=CARTESIAN_POINT('Ctrl Pts',(-9.76,16.3576496124268,13.32));
#2693=CARTESIAN_POINT('Ctrl Pts',(-10.7823503875732,17.38,12.6));
#2694=CARTESIAN_POINT('Ctrl Pts',(-10.7823503875732,17.38,13.32));
#2695=CARTESIAN_POINT('Ctrl Pts',(-12.046,17.38,12.6));
#2696=CARTESIAN_POINT('Ctrl Pts',(-12.046,17.38,13.32));
#2697=CARTESIAN_POINT('',(-9.76,15.094,12.6));
#2698=CARTESIAN_POINT('Ctrl Pts',(-12.046,17.38,12.6));
#2699=CARTESIAN_POINT('Ctrl Pts',(-10.7823503875732,17.38,12.6));
#2700=CARTESIAN_POINT('Ctrl Pts',(-9.76,16.3576496124268,12.6));
#2701=CARTESIAN_POINT('Ctrl Pts',(-9.76,15.094,12.6));
#2702=CARTESIAN_POINT('',(-9.76,15.094,12.6));
#2703=CARTESIAN_POINT('Ctrl Pts',(-10.6680501937866,13.2810748062134,12.6));
#2704=CARTESIAN_POINT('Ctrl Pts',(-10.6680501937866,13.2810748062134,13.32));
#2705=CARTESIAN_POINT('Ctrl Pts',(-10.1187755813599,13.697,12.6));
#2706=CARTESIAN_POINT('Ctrl Pts',(-10.1187755813599,13.697,13.32));
#2707=CARTESIAN_POINT('Ctrl Pts',(-9.76,14.3510501937866,12.6));
#2708=CARTESIAN_POINT('Ctrl Pts',(-9.76,14.3510501937866,13.32));
#2709=CARTESIAN_POINT('Ctrl Pts',(-9.76,15.094,12.6));
#2710=CARTESIAN_POINT('Ctrl Pts',(-9.76,15.094,13.32));
#2711=CARTESIAN_POINT('',(-10.6680501937866,13.2810748062134,12.6));
#2712=CARTESIAN_POINT('Ctrl Pts',(-9.76,15.094,12.6));
#2713=CARTESIAN_POINT('Ctrl Pts',(-9.76,14.3510501937866,12.6));
#2714=CARTESIAN_POINT('Ctrl Pts',(-10.1187755813599,13.697,12.6));
#2715=CARTESIAN_POINT('Ctrl Pts',(-10.6680501937866,13.2810748062134,12.6));
#2716=CARTESIAN_POINT('',(-10.6680501937866,13.2810748062134,12.6));
#2717=CARTESIAN_POINT('Ctrl Pts',(-8.744,11.03,12.6));
#2718=CARTESIAN_POINT('Ctrl Pts',(-8.744,11.03,13.32));
#2719=CARTESIAN_POINT('Ctrl Pts',(-8.744,12.1698248062134,12.6));
#2720=CARTESIAN_POINT('Ctrl Pts',(-8.744,12.1698248062134,13.32));
#2721=CARTESIAN_POINT('Ctrl Pts',(-9.57902461242676,13.1064498062134,12.6));
#2722=CARTESIAN_POINT('Ctrl Pts',(-9.57902461242676,13.1064498062134,13.32));
#2723=CARTESIAN_POINT('Ctrl Pts',(-10.6680501937866,13.2810748062134,12.6));
#2724=CARTESIAN_POINT('Ctrl Pts',(-10.6680501937866,13.2810748062134,13.32));
#2725=CARTESIAN_POINT('Ctrl Pts',(-10.6680501937866,13.2810748062134,12.6));
#2726=CARTESIAN_POINT('Ctrl Pts',(-9.57902461242676,13.1064498062134,12.6));
#2727=CARTESIAN_POINT('Ctrl Pts',(-8.744,12.1698248062134,12.6));
#2728=CARTESIAN_POINT('Ctrl Pts',(-8.744,11.03,12.6));
#2729=CARTESIAN_POINT('Origin',(-16.872,16.872,12.6));
#2730=CARTESIAN_POINT('Origin',(1.91961142322285E-15,0.,13.2));
#2731=CARTESIAN_POINT('Origin',(1.91961142322285E-15,0.,13.2));
#2732=CARTESIAN_POINT('Origin',(-41.352,28.0925824035673,4.6));
#2733=CARTESIAN_POINT('',(-41.2034437294584,27.3211917272132,4.6));
#2734=CARTESIAN_POINT('',(-40.952,27.7696153649941,4.2));
#2735=CARTESIAN_POINT('Origin',(-41.152,17.25,4.4));
#2736=CARTESIAN_POINT('',(-32.8040240512067,34.9520240512067,-3.94797594879332));
#2737=CARTESIAN_POINT('Origin',(-34.5411383157653,11.2039446736939,4.4));
#2738=CARTESIAN_POINT('Origin',(-17.1141443072401,43.3,4.4));
#2739=CARTESIAN_POINT('',(-27.1045772289603,43.5,4.6));
#2740=CARTESIAN_POINT('',(-17.1141443072401,43.5,4.6));
#2741=CARTESIAN_POINT('',(-27.5045772289603,43.1,4.2));
#2742=CARTESIAN_POINT('Origin',(1.91961142322285E-15,0.,13.2));
#2743=CARTESIAN_POINT('Origin',(-36.652,42.5,8.7));
#2744=CARTESIAN_POINT('',(-34.352,38.5,8.7));
#2745=CARTESIAN_POINT('',(-34.352,42.5,8.7));
#2746=CARTESIAN_POINT('Origin',(-36.652,38.5,8.7));
#2747=CARTESIAN_POINT('Origin',(-36.652,38.5,8.7));
#2748=CARTESIAN_POINT('',(-34.852,38.5,8.7));
#2749=CARTESIAN_POINT('Origin',(-36.652,38.5,8.7));
#2750=CARTESIAN_POINT('Origin',(-36.652,42.5,8.7));
#2751=CARTESIAN_POINT('',(-34.852,32.5,8.7));
#2752=CARTESIAN_POINT('',(-34.852,42.5,8.7));
#2753=CARTESIAN_POINT('Origin',(-36.652,32.5,8.7));
#2754=CARTESIAN_POINT('Origin',(-36.652,32.5,8.7));
#2755=CARTESIAN_POINT('Origin',(-27.3045772289603,32.75,4.4));
#2756=CARTESIAN_POINT('',(-27.1045772289603,32.75,4.6));
#2757=CARTESIAN_POINT('Origin',(-27.1045772289603,42.5,4.85));
#2758=CARTESIAN_POINT('',(-27.1045772289603,43.5,4.85));
#2759=CARTESIAN_POINT('',(-27.1045772289603,43.5,4.85));
#2760=CARTESIAN_POINT('',(-27.1045772289603,42.5,4.85));
#2761=CARTESIAN_POINT('Origin',(-27.5045772289603,42.5,4.85));
#2762=CARTESIAN_POINT('',(-27.5045772289603,43.5,5.25));
#2763=CARTESIAN_POINT('Origin',(-27.5045772289603,43.5,4.85));
#2764=CARTESIAN_POINT('',(-27.5045772289603,42.5,5.25));
#2765=CARTESIAN_POINT('Origin',(-31.7534881621829,42.5,5.25));
#2766=CARTESIAN_POINT('',(-31.7534881621829,43.5,5.25));
#2767=CARTESIAN_POINT('',(-40.952,43.5,5.25));
#2768=CARTESIAN_POINT('',(-31.7534881621829,42.5,5.25));
#2769=CARTESIAN_POINT('Origin',(-31.7534881621829,42.5,12.8));
#2770=CARTESIAN_POINT('',(-31.7534881621829,43.5,12.8));
#2771=CARTESIAN_POINT('',(-31.7534881621829,43.5,12.8));
#2772=CARTESIAN_POINT('',(-31.7534881621829,42.5,12.8));
#2773=CARTESIAN_POINT('Origin',(-32.1534881621829,42.5,12.8));
#2774=CARTESIAN_POINT('Origin',(-32.1534881621829,43.5,12.8));
#2775=CARTESIAN_POINT('Origin',(-33.0334881621829,42.5,12.8));
#2776=CARTESIAN_POINT('',(-33.4334881621829,43.5,12.8));
#2777=CARTESIAN_POINT('Origin',(-33.0334881621829,43.5,12.8));
#2778=CARTESIAN_POINT('',(-33.4334881621829,42.5,12.8));
#2779=CARTESIAN_POINT('Origin',(-33.4334881621829,42.5,5.25));
#2780=CARTESIAN_POINT('',(-33.4334881621829,43.5,5.25));
#2781=CARTESIAN_POINT('',(-33.4334881621829,43.5,5.25));
#2782=CARTESIAN_POINT('',(-33.4334881621829,42.5,5.25));
#2783=CARTESIAN_POINT('Origin',(-40.952,42.5,5.25));
#2784=CARTESIAN_POINT('',(-40.952,43.5,5.25));
#2785=CARTESIAN_POINT('',(-40.952,43.5,5.25));
#2786=CARTESIAN_POINT('',(-40.952,42.5,5.25));
#2787=CARTESIAN_POINT('Origin',(-40.952,42.5,4.85));
#2788=CARTESIAN_POINT('Origin',(-40.952,43.5,4.85));
#2789=CARTESIAN_POINT('Origin',(-34.2282886144801,43.5,8.7));
#2790=CARTESIAN_POINT('Origin',(-4.,13.5,8.7));
#2791=CARTESIAN_POINT('',(-4.,13.5,6.4));
#2792=CARTESIAN_POINT('Origin',(-4.,13.5,8.7));
#2793=CARTESIAN_POINT('',(-4.,13.5,7.));
#2794=CARTESIAN_POINT('Origin',(-4.,13.5,8.7));
#2795=CARTESIAN_POINT('Origin',(1.83903071982264E-15,13.5,8.7));
#2796=CARTESIAN_POINT('',(1.83903071982264E-15,13.5,6.4));
#2797=CARTESIAN_POINT('Origin',(-4.,4.5,8.7));
#2798=CARTESIAN_POINT('',(-4.,4.5,6.4));
#2799=CARTESIAN_POINT('Origin',(-4.,4.5,8.7));
#2800=CARTESIAN_POINT('',(-4.,4.5,7.));
#2801=CARTESIAN_POINT('Origin',(-4.,4.5,8.7));
#2802=CARTESIAN_POINT('Origin',(1.83903071982264E-15,4.5,8.7));
#2803=CARTESIAN_POINT('',(1.83903071982264E-15,4.5,6.4));
#2804=CARTESIAN_POINT('Origin',(-10.,4.5,8.7));
#2805=CARTESIAN_POINT('',(-10.,4.5,7.));
#2806=CARTESIAN_POINT('Origin',(-10.,4.5,8.7));
#2807=CARTESIAN_POINT('Origin',(1.83903071982264E-15,4.5,8.7));
#2808=CARTESIAN_POINT('',(1.83903071982264E-15,4.5,7.));
#2809=CARTESIAN_POINT('Origin',(-10.,13.5,8.7));
#2810=CARTESIAN_POINT('',(-10.,13.5,7.));
#2811=CARTESIAN_POINT('Origin',(-10.,13.5,8.7));
#2812=CARTESIAN_POINT('Origin',(1.83903071982264E-15,13.5,8.7));
#2813=CARTESIAN_POINT('',(1.83903071982264E-15,13.5,7.));
#2814=CARTESIAN_POINT('',(0.,0.,0.));
#2815=CARTESIAN_POINT('',(0.,0.,0.));
#2816=CARTESIAN_POINT('',(0.,0.,0.));
#2817=UNCERTAINTY_MEASURE_WITH_UNIT(LENGTH_MEASURE(0.01),#2827,
'DISTANCE_ACCURACY_VALUE',
'Maximum model space distance between geometric entities at asserted c
onnectivities');
#2818=UNCERTAINTY_MEASURE_WITH_UNIT(LENGTH_MEASURE(0.01),#2827,
'DISTANCE_ACCURACY_VALUE',
'Maximum model space distance between geometric entities at asserted c
onnectivities');
#2819=UNCERTAINTY_MEASURE_WITH_UNIT(LENGTH_MEASURE(0.01),#2827,
'DISTANCE_ACCURACY_VALUE',
'Maximum model space distance between geometric entities at asserted c
onnectivities');
#2820=UNCERTAINTY_MEASURE_WITH_UNIT(LENGTH_MEASURE(0.01),#2827,
'DISTANCE_ACCURACY_VALUE',
'Maximum model space distance between geometric entities at asserted c
onnectivities');
#2821=UNCERTAINTY_MEASURE_WITH_UNIT(LENGTH_MEASURE(0.01),#2827,
'DISTANCE_ACCURACY_VALUE',
'Maximum model space distance between geometric entities at asserted c
onnectivities');
#2822=(
GEOMETRIC_REPRESENTATION_CONTEXT(3)
GLOBAL_UNCERTAINTY_ASSIGNED_CONTEXT((#2817))
GLOBAL_UNIT_ASSIGNED_CONTEXT((#2827,#2829,#2830))
REPRESENTATION_CONTEXT('','3D')
);
#2823=(
GEOMETRIC_REPRESENTATION_CONTEXT(3)
GLOBAL_UNCERTAINTY_ASSIGNED_CONTEXT((#2818))
GLOBAL_UNIT_ASSIGNED_CONTEXT((#2827,#2829,#2830))
REPRESENTATION_CONTEXT('','3D')
);
#2824=(
GEOMETRIC_REPRESENTATION_CONTEXT(3)
GLOBAL_UNCERTAINTY_ASSIGNED_CONTEXT((#2819))
GLOBAL_UNIT_ASSIGNED_CONTEXT((#2827,#2829,#2830))
REPRESENTATION_CONTEXT('','3D')
);
#2825=(
GEOMETRIC_REPRESENTATION_CONTEXT(3)
GLOBAL_UNCERTAINTY_ASSIGNED_CONTEXT((#2820))
GLOBAL_UNIT_ASSIGNED_CONTEXT((#2827,#2829,#2830))
REPRESENTATION_CONTEXT('','3D')
);
#2826=(
GEOMETRIC_REPRESENTATION_CONTEXT(3)
GLOBAL_UNCERTAINTY_ASSIGNED_CONTEXT((#2821))
GLOBAL_UNIT_ASSIGNED_CONTEXT((#2827,#2829,#2830))
REPRESENTATION_CONTEXT('','3D')
);
#2827=(
LENGTH_UNIT()
NAMED_UNIT(*)
SI_UNIT(.MILLI.,.METRE.)
);
#2828=(
LENGTH_UNIT()
NAMED_UNIT(*)
SI_UNIT($,.METRE.)
);
#2829=(
NAMED_UNIT(*)
PLANE_ANGLE_UNIT()
SI_UNIT($,.RADIAN.)
);
#2830=(
NAMED_UNIT(*)
SI_UNIT($,.STERADIAN.)
SOLID_ANGLE_UNIT()
);
#2831=SHAPE_DEFINITION_REPRESENTATION(#2835,#2842);
#2832=SHAPE_DEFINITION_REPRESENTATION(#2836,#2843);
#2833=SHAPE_DEFINITION_REPRESENTATION(#2837,#2844);
#2834=SHAPE_DEFINITION_REPRESENTATION(#2838,#2845);
#2835=PRODUCT_DEFINITION_SHAPE('',$,#2847);
#2836=PRODUCT_DEFINITION_SHAPE('',$,#2848);
#2837=PRODUCT_DEFINITION_SHAPE('',$,#2849);
#2838=PRODUCT_DEFINITION_SHAPE('',$,#2850);
#2839=PRODUCT_DEFINITION_SHAPE($,$,#20);
#2840=PRODUCT_DEFINITION_SHAPE($,$,#21);
#2841=PRODUCT_DEFINITION_SHAPE($,$,#22);
#2842=SHAPE_REPRESENTATION('',(#1578,#1665),#2822);
#2843=SHAPE_REPRESENTATION('',(#1579,#1664),#2823);
#2844=SHAPE_REPRESENTATION('',(#1580,#1663),#2824);
#2845=SHAPE_REPRESENTATION('',(#1581),#2825);
#2846=PRODUCT_DEFINITION_CONTEXT('part definition',#2860,'design');
#2847=PRODUCT_DEFINITION('Configuration 1',
'Shaker_Arm_A4T_flat_with_deck - 7mm taller v1',#2851,#2846);
#2848=PRODUCT_DEFINITION('Bucket Assembly','Bucket Assembly',#2852,#2846);
#2849=PRODUCT_DEFINITION('Shaker Stealthburner','Shaker Stealthburner',
#2853,#2846);
#2850=PRODUCT_DEFINITION('Arm','Arm',#2854,#2846);
#2851=PRODUCT_DEFINITION_FORMATION('',$,#2862);
#2852=PRODUCT_DEFINITION_FORMATION('',$,#2863);
#2853=PRODUCT_DEFINITION_FORMATION('',$,#2864);
#2854=PRODUCT_DEFINITION_FORMATION('',$,#2865);
#2855=PRODUCT_RELATED_PRODUCT_CATEGORY(
'Shaker_Arm_A4T_flat_with_deck - 7mm taller v1',
'Shaker_Arm_A4T_flat_with_deck - 7mm taller v1',(#2862));
#2856=PRODUCT_RELATED_PRODUCT_CATEGORY('Bucket Assembly',
'Bucket Assembly',(#2863));
#2857=PRODUCT_RELATED_PRODUCT_CATEGORY('Shaker Stealthburner',
'Shaker Stealthburner',(#2864));
#2858=PRODUCT_RELATED_PRODUCT_CATEGORY('Arm','Arm',(#2865));
#2859=APPLICATION_PROTOCOL_DEFINITION('international standard',
'automotive_design',2009,#2860);
#2860=APPLICATION_CONTEXT(
'Core Data for Automotive Mechanical Design Process');
#2861=PRODUCT_CONTEXT('part definition',#2860,'mechanical');
#2862=PRODUCT('Configuration 1',
'Shaker_Arm_A4T_flat_with_deck - 7mm taller v1',$,(#2861));
#2863=PRODUCT('Bucket Assembly','Bucket Assembly',$,(#2861));
#2864=PRODUCT('Shaker Stealthburner','Shaker Stealthburner',$,(#2861));
#2865=PRODUCT('Arm','Arm',$,(#2861));
#2866=PRESENTATION_STYLE_ASSIGNMENT((#2868));
#2867=PRESENTATION_STYLE_ASSIGNMENT((#2869));
#2868=SURFACE_STYLE_USAGE(.BOTH.,#2870);
#2869=SURFACE_STYLE_USAGE(.BOTH.,#2871);
#2870=SURFACE_SIDE_STYLE('',(#2872));
#2871=SURFACE_SIDE_STYLE('',(#2873));
#2872=SURFACE_STYLE_FILL_AREA(#2874);
#2873=SURFACE_STYLE_FILL_AREA(#2875);
#2874=FILL_AREA_STYLE('Steel - Satin',(#2876));
#2875=FILL_AREA_STYLE('Opaque(99,99,99)',(#2877));
#2876=FILL_AREA_STYLE_COLOUR('Steel - Satin',#2878);
#2877=FILL_AREA_STYLE_COLOUR('Opaque(99,99,99)',#2879);
#2878=COLOUR_RGB('Steel - Satin',0.627450980392157,0.627450980392157,0.627450980392157);
#2879=COLOUR_RGB('Opaque(99,99,99)',0.388235294117647,0.388235294117647,
0.388235294117647);
ENDSEC;
END-ISO-10303-21;
